name,ratings,date,comment,keyword,target
 dm Jung ,5,1년 전,평점 점을 믿을 수가 없다세기에서 세기를 지나오며세계 최대의 축제였던 엑스포요즘의 우리로 치면 월드컵이나 올림픽의 비즈니스버전이랄까에 대한 다양한 관련 물건들과 그 배경들을 알 수 있다과거의 엑스포는 신기술과 산업의 전시회였고기업들의 경쟁터이자 각종 문화의 산실이였다거기에서부터 이해를 할 수 있다면 엑스포에 대해서 더 재밌지 않을까애장품을 기증 내지는 전시해주셔서 굉장한 기회를 주신 성함은 기억 안나지만 모 교수님께 진심으로 감사드리고 싶다여기서 일하시는 직원분들의 친절한 안내와 설명에도 한번 더 감동 받았다산업사업을 비롯한 비즈니스와 기업 포함과 역사 디자인에 대해 관심이 있는 사람이라면 강력하게 추천한다파리 여행을 할때 일 머물었는데 루브르박물관에 일을 갔었다그만큼 재밌었는데여긴 비록 그 규모에서는 떨어지지만 더 재밌다현재 초대기업으로 존재하고 있는 꽤 많은 기업들과 각종 캐릭터들 그리고 패션 브랜드들 세계적 랜드마크 그리고 초유명 일류 화가 건축가등그들이 엑스포에 영향을 받고 영감을 얻었다는 사실을 기억하시라강력하게 추천한다나는 기회가 되면 또 갈 것 이다단 월요일은 휴무이니 주의,세계엑스포기념품박물관,expo
 박성균 ,3,1년 전,맥주축제,세계엑스포기념품박물관,expo
 Алексе́й ,5,2년 전,역대 엑스포 개최도시의 기념품과 희귀한 아이템을 한 곳에서 볼 수 있습니다,세계엑스포기념품박물관,expo
 Robert Helvie ,3,4년 전, 번역 제공 남북한에 관한 흥미로운 것들 거기에서 많은 시간을 보내지 않아도됩니다 옆집 과학 공원은 한동안 수리를 위해 폐쇄되었습니다  년  월 현재원문                                ,세계엑스포기념품박물관,expo
 hyung-jun kjun ,1,5년 전,엑스포는 없고 너무 지루했어,세계엑스포기념품박물관,expo
 Onur Ozsoy ,5,1년 전, 번역 제공 주말에는 대개 혼잡합니다 야외 콘서트 및 엔터테인먼트 길거리 음식 작은 기념품은 지역에서 판매됩니다 조금 더 앞에는 막대가 많은 막대의 거리가 있습니다 이곳은 특히 오후 시 이후 매우 활기찬 곳입니다원문            ,엑스포음악분수,expo
 Julian Joo-Young Lim ,5,1년 전,밤에 시간 잘 맞춰가면 낭만적이고 좋음,엑스포음악분수,expo
 이상호 ,5,1년 전,년 월일을 마지막으로 종료되었습니다,엑스포음악분수,expo
 jk rhee ,5,1년 전,이젠  역사속으로 사라질 분수 아쉽네요,엑스포음악분수,expo
 John Yoon ,5,2년 전,년 월 일을 마지막으로 공사한대요월쯤 재오픈한다네요,엑스포음악분수,expo
 박영준 ,4,2년 전,여름분수 한번쯤 가볼만 푸드트럭 다수,엑스포음악분수,expo
 이재수 ,4,2년 전,오랜만에 봤음,엑스포음악분수,expo
 오덕진 ,4,2년 전,대전광역시,엑스포음악분수,expo
 류준상 ,3,2년 전,이쪽은 축제가 없으면 볼거리가없습니다,엑스포음악분수,expo
 Oh Juyoung ,5,2년 전,한해도 거르지않고 찾아오는곳 이번엔 음악분수쇼전에 달달한 사연도 읽어주시고 먹거리 잔뜩있어 배도 부르고 좋은 물건 싸게 살수있는 찬스도  아이들에겐 더 없는 천국같읏곳 어른인 나도 이 시간들이 즐겁고 행복 만땅,엑스포음악분수,expo
 박쌍칼 ,4,2년 전,가족하고갈만하네요,엑스포음악분수,expo
 최병희 ,5,2년 전,음악분수와 푸드트럭 여러가지 마켓좋아요,엑스포음악분수,expo
 오주현 ,5,2년 전,많은 푸드트럭과 버스킹 분수쇼를 무료로 볼 수 있는 곳,엑스포음악분수,expo
 J.H Kim ,5,2년 전,음악분수의 낭만과 먹거리,엑스포음악분수,expo
 미나호잇 ,3,2년 전,분수 아이가 좋아해요 먹을거리도 많고 근데 넘 더워요 열대야 어쩔거야,엑스포음악분수,expo
 PARK JEIHYUN ,5,2년 전,밤에 가면 즐거움,엑스포음악분수,expo
 hayoon Kim ,5,2년 전,예뻐요,엑스포음악분수,expo
 sandy park ,3,2년 전,그래도 가끔 분위기를 살리는 행사가 있음,엑스포음악분수,expo
 이유 ,1,2년 전,비와서 다 젖었어요,엑스포음악분수,expo
 Алексе́й ,5,2년 전,대전의 대표적인 야간명소,엑스포음악분수,expo
 Gyeong Seok seo ,5,2년 전,대전 엑스포 야간 불꽂 분수쇼,엑스포음악분수,expo
 이준석 ,3,2년 전,그나마 대전에서 갈만한곳,엑스포음악분수,expo
 김정래 ,5,2년 전,술마시기도 좋고 맥주 무제한 원 연인과 데이트 하기도 가족끼리 놀러오기도 좋습니다,엑스포음악분수,expo
 구름이 ,5,2년 전,여름 음악분수 엄첨 멋져요,엑스포음악분수,expo
 곽승현 ,4,2년 전, 대전 수제맥주뮤직 페스티벌,엑스포음악분수,expo
 정건호 ,2,2년 전,불쇼랑같이음악분수 할때볼만함,엑스포음악분수,expo
 Hyeon Jo ,5,2년 전,축제가 열리는 날에는 붐비는 축제의 장,엑스포음악분수,expo
 김현호 ,4,3년 전,물과 불의 조화가 약간 낯설게 느껴지지만 볼만합니다,엑스포음악분수,expo
 Doo Kyoung Yoon ,3,3년 전,음악분수 음악선곡하시는분이 나이대가 좀 있으신듯 하다 최신곡은 거의 틀어주지 않는다,엑스포음악분수,expo
 류바른 ,5,3년 전,대전 명소중 하나,엑스포음악분수,expo
 hoony kim ,5,3년 전,가까운 산책,엑스포음악분수,expo
 Lee Jboss ,3,3년 전,장소가 좀 행사없음 볼게없음,엑스포음악분수,expo
 S.I Lee ,5,3년 전,세계 푸드뮤직페스티벌,엑스포음악분수,expo
 이상우 ,3,3년 전,스마트 시티생기고 좋아짐,엑스포음악분수,expo
 Won-Jae Shin ,5,3년 전,한더위를 날리기 좋은 한여름밤,엑스포음악분수,expo
 송현석 ,3,3년 전,가족끼리 가보기 좋은 곳,엑스포음악분수,expo
 Jangho david Jeong ,5,3년 전,분수 쇼 짱,엑스포음악분수,expo
 YOUNG-IL KIM ,5,3년 전,대전의 랜드마크인 엑스포 다리와 한빛탑 사이에 위치,엑스포음악분수,expo
 이민형 ,5,3년 전,무료라고 하기엔 수준 높은 분수쑈,엑스포음악분수,expo
 장자울 ,4,3년 전,한 여름밤을 시원하게 해주는 음악과 분수쇼 그리고 맛있는 먹거리와 놀거리까지 재미있었어요,엑스포음악분수,expo
 김태연 ,5,3년 전,가족 연인들이 즐기기 좋아요,엑스포음악분수,expo
 이이영찬 ,4,3년 전,음아분수 아주 멋져요,엑스포음악분수,expo
 장승근 ,4,3년 전,시원하고버블 마술쇼도 좋고어린아이들 데리고가면 최고,엑스포음악분수,expo
 강매력c ,5,3년 전,밤에 나들이 하기 좋은 곳,엑스포음악분수,expo
 V 늘 감사 V ,5,3년 전,무더운 여름밤 시원하고 아름다운 음악분수 넘 좋아요,엑스포음악분수,expo
 Kang Seok Go ,5,3년 전,볼거리 먹거리가 많아좋네요아이와 가족과 여름밤 나들이로 참 좋아요,엑스포음악분수,expo
 코야 ,5,3년 전,이뻐,엑스포음악분수,expo
 홍종상 ,4,3년 전,저녁에 정기적으로 열리는 음악분수 쇼 아이들이 참 좋아하네요,엑스포음악분수,expo
 Tae-kwang Song ,5,3년 전,한여름밤의 음악분수는 가족과함께하기 좋은 공간,엑스포음악분수,expo
 IkJung Yun ,4,3년 전,달밤소풍이라는 문화행사가 주기적으로 개최됩니다 푸드트럭도 있고요 다만 대중교통으로 접근하기 좋지 않고 주차가 어려운 편입니다,엑스포음악분수,expo
 김성옥 ,5,3년 전,음악에 맞추어 리듬감있게 춤을 추는 듯한 다양한 분수쇼 불꽃화염쇼도 멋지구요,엑스포음악분수,expo
 Jincheul Jang ,4,3년 전,아름다움,엑스포음악분수,expo
 sin - ,5,3년 전,도심속에서 좋은 전망을 제공,엑스포음악분수,expo
 김성완 ,5,3년 전,물과 불의 조화,엑스포음악분수,expo
 주영선 ,4,3년 전,주말이면 음악분수 음악공연과 함께 즐길 수 있다,엑스포음악분수,expo
 원영걸 ,5,3년 전, 번역 제공 좋은원문,엑스포음악분수,expo
 구본석 ,4,3년 전,분수가아름답습니다,엑스포음악분수,expo
 Woocheol Jeong ,4,4년 전,야간 분수쇼가 인기지만 주변에 즐길 거리가 부족하다,엑스포음악분수,expo
 커피한잔 ,1,1주 전,간적이 없다,엑스포과학공원,expo
 백쌍분 ,1,1주 전,식당없어요,엑스포과학공원,expo
 유장운 ,4,4주 전,한빛탑주변에 바닥대리석공사와 주변에 공사장이 많아서 아이들데리고 가면 신경좀 써야해요,엑스포과학공원,expo
 한혜미 ,5,2달 전,아이와 놀기좋았어요,엑스포과학공원,expo
 최천사tv ,5,5달 전,체험학습으로감,엑스포과학공원,expo
 김지현 ,5,6달 전,여기 음악분수 짱멋져,엑스포과학공원,expo
 알아서머해 ,5,10달 전,교통교육체험도 가능합니다,엑스포과학공원,expo
 Jongho Byeon ,4,1년 전,어릴적 대전 엑스포때 방문 한적 있었는데 년도 훌쩍넘어 다시 방문하게 되었습니다그때 화려함은 사라지고 한빛탑과 광장만 남아 있습니다그래도 탑과 광장이 남아 있어 어릴적 추억을 되내어 볼수 있는 좋은 시간이었습니다한빛탑 개방시간은 오전    이고 입장마감은 분입니다관람요금은 어른 원 청소년 원 어린이 원 입니다한빛탑 주변으로 대전 엑스포 기념관과 야외,엑스포과학공원,expo
 배비비 ,2,1년 전,주차장과 본건물이 엄청난거리,엑스포과학공원,expo
 UniLo 길용 Park ,5,1년 전,우리들의 꿈이 피어나는 기념탑 ,엑스포과학공원,expo
 이재경 ,4,1년 전,주차공간이 넓어서  좋았어요,엑스포과학공원,expo
 엄순후 ,5,1년 전,넓고 괘적합니다,엑스포과학공원,expo
 오익덕 ,3,1년 전,여전엔좋았었는데 누가정책을 잘못했는지 시민들의 놀이공간을 많이 빼앗아갔어요  ,엑스포과학공원,expo
 우병열 ,1,1년 전,아직이렇다보고즐길거리가상당히부족한편,엑스포과학공원,expo
 강재석 ,4,1년 전,주차공간 및 환경이 깨끗하고 깔끔한 편입니다,엑스포과학공원,expo
 신정식 ,5,1년 전,좋아요한빛탑,엑스포과학공원,expo
 Mr Park울프 ,2,1년 전,별볼일없는 장소,엑스포과학공원,expo
 박명기 ,3,1년 전,예전 명성은 아랑곳없이 너무 덩그러니 과거만 남겨진것 같아요,엑스포과학공원,expo
 이상건 ,5,1년 전,놀기좋고숲이 좋은곳맥주 한잔 저녁에 하기 딱 좋음,엑스포과학공원,expo
 JM ,3,1년 전,대전의 랜드마크,엑스포과학공원,expo
 권진태kon ,3,2년 전,적당하고 연휴에도 사람이 엄청많진 않아서 잘쉬다가 감,엑스포과학공원,expo
 배용기 ,3,2년 전,썰렁하네요,엑스포과학공원,expo
 LEE리사마리 ,5,2년 전,역사의뒤안길로,엑스포과학공원,expo
 이민재 ,2,2년 전, 번역 제공 한국 기술 교육 대학교원문     ,엑스포과학공원,expo
 _log Bible ,3,2년 전,과거의 명성은 없지만 최근 리모델링을 통해 새단장한 곳,엑스포과학공원,expo
 임경철 ,2,2년 전,공사중인 곳이 많아 시산해요,엑스포과학공원,expo
 박천광 ,1,2년 전,주차장 공간은 엄청 좋으나 볼것이 없음,엑스포과학공원,expo
 김대하 ,5,1일 전,야경도 일품,엑스포다리,expo
 Googoless ,5,1일 전,대전의 유일한 볼거리,엑스포다리,expo
 전유진 ,5,2일 전,굿,엑스포다리,expo
 더불어숲 ,3,4일 전,다리가 다 다리,엑스포다리,expo
 좋은여행 ,5,1주 전,더욱더 상징성있게 커갈듯한곳입니다,엑스포다리,expo
 김진선 ,5,1주 전,베리굿,엑스포다리,expo
 박선아 ,5,1주 전,대전의 몇 안되는 명소 중의 명소 일명 맥도날드 다리 밤에 가면 더 운치있고 좋아요,엑스포다리,expo
 전준모 ,5,1주 전,경치도 좋고 이쁘고 멋지고,엑스포다리,expo
 김정철 ,5,1주 전,매우 멋있어요,엑스포다리,expo
 Jm A ,2,1주 전,여자친구랑 피크닉갔는데 공사중이였다 잡초가 무성하다 관리하는분 없으려나,엑스포다리,expo
 Ian Jang ,5,1주 전,남문광장 한밭수목원과 붙여 있어서 나들이 하기 좋아요,엑스포다리,expo
 Casshern Sin ,4,2주 전,대전엑스포 및 한밭수목원을 이어주는 다리 가족과 함께 한밭수목원 구경후 엑스포다리쪽도 꼭 가보길 추천 저녁되면 화려한 조명 배경도 볼만하다,엑스포다리,expo
 서경덕 ,5,2주 전,모교다리,엑스포다리,expo
 룹숟당 ,4,2주 전,볼만한데 상권이 좀죽은듯,엑스포다리,expo
 Sanmun Kim ,4,2주 전,생각보다 길다,엑스포다리,expo
 Jason Bone ,5,3주 전,차가 못 다니는 다리로 넓직하고 건기 좋은 다리 입니다,엑스포다리,expo
 김ᄋᄋ ,5,3주 전,밤에  불빛켜저서  멋있다,엑스포다리,expo
 김길수 ,5,3주 전,제대일년월일제대를 기다렸겠죠엑스포보다는근처 수목원 여술의전등어우러져 산책 운동하기에 참좋아요,엑스포다리,expo
 환이 ,5,3주 전,말따위 귿귿귿,엑스포다리,expo
 기호성 ,5,1달 전,굿굿,엑스포다리,expo
 선. ,5,1달 전,정말 재애미있네요,엑스포다리,expo
 Ethan Kim ,5,1달 전,탁트인 광장에 한빛탑 산책하기 좋네요한빛탑 운영 일자 시간 체크하고 가세요안내판에는 입장마감 시 분이네요,엑스포다리,expo
 민승식 ,4,1달 전,산책하기 좋아요,엑스포다리,expo
 강성오 ,5,1달 전,그저께비온후날씨가화창해서자전거타고엑스포남문광장동문수목원에다녀왔어요산책하기좋아요,엑스포다리,expo
 슈아코기 ,5,1달 전,대전의 유명한 다리,엑스포다리,expo
 Haon Remlu ,4,1달 전, 번역 제공 시원한 곳 가끔 불이 들어와원문       ,엑스포다리,expo
 신현준 ,4,2달 전,드라이브 하기   딱 좋은곳,엑스포다리,expo
 한대희 ,5,2달 전,대전 엑스포 다리와 한빛탑 앞 야경이 멋집니다,엑스포다리,expo
 조재현 ,5,2달 전,좋아요,엑스포다리,expo
 도도 ,3,2달 전,멋지네요,엑스포다리,expo
 Brian Wilson ,5,2달 전, 번역 제공 디킨 코리아의 상징적 인 지역원문    ,엑스포다리,expo
 yesol lee ,5,2달 전,야경보기좋고 산책하기좋음,엑스포다리,expo
 장병구 ,4,2달 전,운동하기 좋은 장소이며 야간 조명이 멋있습니다,엑스포다리,expo
 아빠쭈니 ,3,2달 전,공원에 다리,엑스포다리,expo
 Luigi BESCHI ,5,2달 전, 번역 제공 은 내 자전거에서 다시 떨어질 것입니다원문       ,엑스포다리,expo
 박정화 ,2,2달 전,자주가는곳입니다,엑스포다리,expo
 바람소리 ,4,3달 전,좋아요,엑스포다리,expo
 feel목표 ,3,3달 전,사파리월드 놀이기구등이 좋았으나 물놀이기구등이 좋지않아서 아쉬웠다,엑스포다리,expo
 서알콩 ,4,3달 전,혼자 물도보고 야경도보려갔는데 커플들만있네요,엑스포다리,expo
 신재하 ,4,3달 전,야경이 좋아요,엑스포다리,expo
 TJ YANG ,5,3달 전,대전의 맥도널드 다리라고 불리는  갑천이 잘 보이는 도보로만 건널수 있는 다리,엑스포다리,expo
 han-la Park ,5,3달 전,바람쐬기좋아요 다리건너서 한빛탑 미디어파사트 보면 괜찮아요 커피같은 음료는 미리 사가세요,엑스포다리,expo
 앙이이. ,5,3달 전,야경이 좋아요,엑스포다리,expo
 탐방소녀 ,4,3달 전,운동삼아 걷기좋아유,엑스포다리,expo
 강수정 ,5,3달 전,대전의 야경짱,엑스포다리,expo
 Howard Jeon ,4,3달 전,경치 좋고  편안함,엑스포다리,expo
 김터프공주 ,4,4달 전,대전의 상징산책하기좋고늘 아름다운곳 야경은 더 아름다움,엑스포다리,expo
 Byungsoo Kang ,5,4달 전,조명 끝줘요,엑스포다리,expo
 이강수 ,5,4달 전,년부터 만들어진 대전광역시 하면 생각나는 랜드마크한밭수목원과 엑스포 과학공원을 이어주고 있습니다매년 이곳에서 마라톤을 진행하기도 합니다야간 조명도 아름답고 시간때가 맞으면 다리에서 강으로 뿌리는물분수도 볼 수 있습니다,엑스포다리,expo
 YOUSUF MD ,5,4달 전, 번역 제공 나는 이곳을 좋아한다 오랜 지친 삶에서 당신을 행복하게 해줄 것이기 때문이다 그러니 신선한 공기로 몸을 재충전하십시오원문                        ,엑스포다리,expo
 이승현 ,5,4달 전,코로나로 답답해서 애들하고 잠깐 나왔어요,엑스포다리,expo
 K. S. Lee ,5,4달 전,저녁에 가야 됨 그래야 더 이쁨,엑스포다리,expo
 그레이클라우드TV ,1,4달 전,멋없어요,엑스포다리,expo
 유주호 ,3,4달 전,야경이  멋져요,엑스포다리,expo
 드레스블링 ,4,4달 전,좋아요  야경도이쁘고 언제나좋아요,엑스포다리,expo
 또바기또사장의 일상 ,5,4달 전,더 예뻐졌어요,엑스포다리,expo
 권오창 ,4,4달 전,좋아요 특히 밤에 조명을 매우 이쁘게 해 놓아서 사진이 잘 나옵니다,엑스포다리,expo
 임예주 ,5,4달 전,월 일까지 엑스포한빛탑 레이져쑈가 있어용 산책 다녀오세용푸드트럭도 있어요,엑스포다리,expo
 JD J ,4,5달 전,좋아요,엑스포다리,expo
 수이 ,5,5달 전,짱예쁨,엑스포다리,expo
 Kabalisa Rene ,5,5달 전, 번역 제공 좋은 곳원문 ,엑스포다리,expo
 이영수 ,5,5달 전,년 대전 엑스포 때 남문 주차장과 엑스포 전시장을 연결한 엑스포 다리가 자를 닮아 멕도널드 다리라는 별칭도 있습니다 주변에 대전수목원 예술의 전당 시립미술관 이응노미술관 연정국악원 청송수련원 아름다운 정원 열대식물 온실 등 볼거리가 풍부합니다,엑스포다리,expo
 Rise To_Rescue ,3,5달 전, 번역 제공 시원한 바람원문 ,엑스포다리,expo
 이민호 ,5,5달 전,꼭 가보세요,엑스포다리,expo
 사루비아 ,2,5달 전,년이 넘은 다리지만 대전시민에게는 익숙한 다리 가끔 걸어다닙니다,엑스포다리,expo
 스페이스 ,5,5달 전,대전 랜드마크,엑스포다리,expo
 김왕순 ,4,5달 전,대전명소 야경 좋은곳,엑스포다리,expo
 정미정 ,5,6달 전,걷기 좋아요,엑스포다리,expo
 Air Foce ,3,6달 전,개인적으로 초기 건설 및 유지에는 맘에드는 곳이였으나 최근 방문해보니 유지보수는 커녕 고장난 전등이 많았습니다,엑스포다리,expo
 쮸잉 ,4,6달 전,오빠들하고 산책하기 넘 조아따,엑스포다리,expo
 김종환 ,5,6달 전,대전 오면 한번 가볼만한 곳 야경도 멋지다,엑스포다리,expo
 김준선 ,5,6달 전,굿,엑스포다리,expo
 구자경 ,5,6달 전,야경이 멋져요,엑스포다리,expo
 온온이냥 ,4,6달 전,날씨는 조금 추웠지먼 재미는 았었어요 눈 구경도 하구 ,엑스포다리,expo
 곰이냥 ,5,6달 전,주변 산책하기 좋은 코스,엑스포다리,expo
 Henseg O ,5,6달 전,아름다운 야경,엑스포다리,expo
 욧이나묵어라 ,4,6달 전,굿,엑스포다리,expo
 ᄋᄋᄋᄋᄋᄋ ,5,6달 전,깨끗하게 잘되어있고 경치가 너무나도 멋진곳이네요,엑스포다리,expo
 정창민 ,3,7달 전,외지인들굳이 시간내서 찾아볼 필요까진 없다는,엑스포다리,expo
 seon ,5,7달 전,걷기운동을 할수밖에없는 요즘 갑천은 힐링하며 걸을수있는 좋은장소예요걷다가 일몰시간에 맞춰 엑스포다리위에서 바라보는 하늘은 매일매일 색다르게 다가와요,엑스포다리,expo
 조인선 ,5,7달 전,아주 좋아요,엑스포다리,expo
 서지희 ,5,7달 전,모띠스러웠졍,엑스포다리,expo
 Chaelynn Kim ,5,7달 전,대전 명물 ,엑스포다리,expo
 Iman Kanov ,4,7달 전, 번역 제공 조용한 곳이지만 메뉴 선택은 매우 적습니다원문      ,엑스포다리,expo
 우주 ,5,7달 전,밤에 야경 죽입니다,엑스포다리,expo
 나름미식가 ,5,7달 전,대전 랜드마크,엑스포다리,expo
 이기용 ,5,7달 전,대전 야경맛집,엑스포다리,expo
 류효선 ,5,7달 전,야경 쥑입니다,엑스포다리,expo
 백골이진토 ,5,7달 전,한밭수목 가면 가족들과 산책하기 좋아요,엑스포다리,expo
 이나리 ,5,7달 전,간단하게 바람쐬기 좋은 곳,엑스포다리,expo
 이종근 ,5,7달 전,시원한바람 좋아요,엑스포다리,expo
 lucero castillo ,5,7달 전,            친구 또는 커플과 함께 자전거를 타기에 가장 좋은 장소,엑스포다리,expo
 정석환 ,5,7달 전,추억의 다리,엑스포다리,expo
 조오별 ,5,7달 전,대전유일 대공원같은 대공원,엑스포다리,expo
 윤명준 ,1,7달 전,일출을 보니 너무좋다,엑스포다리,expo
 Kasala Prabakerreddy ,4,7달 전, 번역 제공 친구 및 가족과 어울리는 멋진 장소입니다원문          ,엑스포다리,expo
 조미애 ,5,7달 전,과학도시 대전의 상징이자 대전시민의 휴식처 철마다 개최되는 각종 이벤트엑스포광장와 다양한 문화적 체험가능예술의 전당시립미술관이응노미술관한밭수목원연정국악원등,엑스포다리,expo
 Skar ,5,7달 전,힐링,엑스포다리,expo
 박상준 ,5,7달 전,조음,엑스포다리,expo
 떡배 ,1,7달 전,엑스포다리밑 벤치에서 고기 구워먹고 찌게 끓여먹던데요 냄새가 너무 죽여줘 부럽드라구요 취사 가능한가요 가능하면 우리 모임 사람들 대학동창들 회사가족들 하고 바베큐파티 하고 싶던데요 딱이죠 ,엑스포다리,expo
 Chulsu Kim ,4,8달 전,야경,엑스포다리,expo
 바이블 스터디예원감리교회 ,5,8달 전,대전의 과학  중심,엑스포다리,expo
 YASEEN ALGABRI ,5,8달 전, 번역 제공 매우 아름답다원문 ,엑스포다리,expo
 Zi_ho H. ,5,8달 전,대전 야경 데이트 명소,엑스포다리,expo
 Chihyun Song ,5,8달 전,경치가좋지만 벌레가많음,엑스포다리,expo
 JW K ,5,8달 전,차는 다니지 못하는 다리밤이면 오색 불빛이 반짝이는 다리걷는 사람뛰는 사람자전거 타는 사람킥보드 타는 사람제 각각 여유를 즐깁니다가끔 가봅니다만차를 가져가면 그냥 다리 앞 도로에 주차하곤 하는데 주차할 곳이 있는지  모르겠습니다아이들과 시간 보내기 좋은 곳입니다,엑스포다리,expo
 박서연 ,5,8달 전,야경이 정말 예뻐요 특히 호텔 쫙 늘어서있는 쪽이요 그리고 노을이 아름다운 곳입니다,엑스포다리,expo
 박혜영 ,5,8달 전,걷기 좋은 장소부담스럽지 않게 산책하기 좋아요,엑스포다리,expo
 IL YOUN ,4,8달 전,사진 찍기 좋은 명지죠,엑스포다리,expo
 김칠성 ,5,8달 전,음,엑스포다리,expo
 YDH대륙상회 ,4,8달 전,밤에 멋있어요,엑스포다리,expo
 영준정 ,3,8달 전,밤에 데이트 코스로 좋아요다리에 네온이 들어오면서 분위기 좋다는,엑스포다리,expo
 김기풍 ,4,8달 전,자전가타고 자주가는 곳집에서 쯤 되나,엑스포다리,expo
 Rizwan Hameed ,5,8달 전, 번역 제공 저녁을 보내기에 좋은 곳입니다 때때로 그들은 특히 주말에 몇 가지 이벤트가 진행됩니다 다리는 한쪽은 아름다운 정원으로 둘러싸여 있고 다른 한쪽은 엑스포 타워로 둘러싸여 있습니다원문                                    ,엑스포다리,expo
 후루룩 ,1,9달 전,불을 너무 빨리끔,엑스포다리,expo
 김무현 ,5,9달 전,대전의 상징과도 같은 엑스포 다리입니다 밤에 가면 더 좋아요,엑스포다리,expo
 박정하 ,5,9달 전,아들이 좋아 해서 같이 자주 가는데 산책 코스를 괜찮아요,엑스포다리,expo
 woori3210 ,5,9달 전,대전의 명물 핫플레이스,엑스포다리,expo
 유지선 ,5,9달 전,공원에서부터 산책 또는 간단한 운동하며 돌아다니기좋고 한밭수목원과 붙어있어서 데이트하기도 좋음특히 야간에 더 예쁨,엑스포다리,expo
 TABISH ALI ,5,9달 전, 번역 제공 아름다운원문,엑스포다리,expo
 이경남 ,4,9달 전,엑스포 타워에서 수목원쪽으로 쭈욱펼쳐진 경로가 좋습니다더불어 갑천공원 경관도 좋지요,엑스포다리,expo
 김용 ,5,9달 전,예쁘오,엑스포다리,expo
 어느멋진날 ,5,9달 전,여기는 여유와 놀이가 공존하는곳,엑스포다리,expo
 민광기 ,4,9달 전,야경이 좋아요,엑스포다리,expo
 sang jin Shin ,5,9달 전,언제나 좋아요,엑스포다리,expo
 HK Park ,3,9달 전,날씨맑은날 노을보러 구경가기 좋은곳,엑스포다리,expo
 THO TRAN ,5,10달 전, 번역 제공 쇼핑하기 좋은 곳 내가 오후에 모든 것을 방문 할 수 없을 정도로 크다원문             ,엑스포다리,expo
 Nataliya kim ,5,10달 전, 번역 제공 우리는 항상 여기서 쉬어 요 원문    ,엑스포다리,expo
 위씨쉘 ,5,10달 전,신세계 백화점이 완공되면 꽤나 근사한 일몰 및 야경명소가 될 거 같아요,엑스포다리,expo
 Sung-Hyun Jeon ,4,10달 전, 번역 제공 좋은원문,엑스포다리,expo
 양세바리 ,5,10달 전,서울의 야경만큼 좋진 않지만 대전에서 이런 경치를 본다는게 참좋았어요,엑스포다리,expo
 손희빈 ,5,10달 전,낮과밤 모두 예쁜 곳,엑스포다리,expo
 박영민 ,5,10달 전,조아용,엑스포다리,expo
 정태영 ,5,10달 전,집근처,엑스포다리,expo
 김준수 ,3,10달 전,대전의 핫플,엑스포다리,expo
 Golden Odey ,4,10달 전, 번역 제공 최고의 미학원문   ,엑스포다리,expo
 Myeongwon LEE ,5,10달 전,가슴이 웅장해진다,엑스포다리,expo
 박동훈부장 ,5,10달 전,날씨좋은날 좋아요,엑스포다리,expo
 Maria Reyes ,5,10달 전, 번역 제공 밤에는 주말에 물과 음악이 담긴 가벼운 쇼가 있습니다원문             ,엑스포다리,expo
 김민재 ,5,10달 전,멋있음,엑스포다리,expo
 Hyunsung Kim ,5,10달 전,비온 뒤 맑음,엑스포다리,expo
 김선경 ,4,10달 전,더운 여름밤 시원한 바람과 음악과함께 분수가 어우러져 코로나의 스트레스가 바람에 날려 가는게 보이네요,엑스포다리,expo
 탕진 ,3,11달 전,자전거 도로 엑스포 다리 코너부분 너무 어둡습니다 도로면 상태가 안좋음,엑스포다리,expo
 장군 ,2,11달 전,대전답다 볼것이없다,엑스포다리,expo
 정종길 ,4,11달 전,아름다워요,엑스포다리,expo
 김대영 ,5,11달 전,아름답습니다 야경이,엑스포다리,expo
 김장중 ,5,11달 전,좋네요,엑스포다리,expo
 조성호 ,5,11달 전,년 대전에서 엑스포를 개최하면서 상징이 되었지요 야경이 참 멋있어요,엑스포다리,expo
 도윤숙 ,4,11달 전,좋은 목소리 시원한 날씨,엑스포다리,expo
 Peter Shin ,5,11달 전,자전거 트랙과 넓은 공원이 잘 되어 있어 어린이들과 연인들이 자주 찾는 곳입니다특히 밤에는 야경이 멋있습니다,엑스포다리,expo
 jongsu kim ,4,11달 전,요즘 사람들이 더욱 많이 찾는곳,엑스포다리,expo
 빛나는잔디 ,5,1년 전,예쁘죠 굿빰의 정석 하세요,엑스포다리,expo
 배진환 ,4,1년 전,재미없는 도시 대전의 랜드마크라고 할 수 있는 엑스포 앞의 다리죠 사실 방문해보면 수목원도 있고 예술의 전당도 있고 이래저래 할 것은 많습니다 공원도 잘 조성되어있고 말이죠 막상할 것을 찾으면 할만한게 없다는게 문제긴하지만요 하하요즘은 비도 뜸해서 물 냄새가 많이 나기는 했습니다 그래도 해가 지고 돗자리피러 나오는 사람이 많았습니다 삼삼오오 나와서 이것저것 주전부리를 먹는 모습들을 보니 보기 좋다 싶었습니다,엑스포다리,expo
 길현섭 ,3,1년 전,자전거타는코스중 빠지지말아야할곳,엑스포다리,expo
 박시현 ,4,1년 전,경치도 좋고 멌있고 가족들이랑 함께 다니기 좋은것같아요 근데 년 월 정도에 갔는데 그 다리에 공사를 하던중이여서 몇몇 길들이 막혀있어서 그래도 그거 말곤 아주 예쁘고 좋은것같아요,엑스포다리,expo
 Hobinzwin ,4,1년 전, 번역 제공 대전의 상징 중 하나원문     ,엑스포다리,expo
 이민규 ,3,1년 전,다기근처강변바베큐장 굿,엑스포다리,expo
 침뽕 ,5,1년 전,야경을 즐길 수 있는 곳 입니다,엑스포다리,expo
 Lee이현주 ,5,1년 전,엑스포 다리 야경입니다,엑스포다리,expo
 Hannah Moore ,5,1년 전, 번역 제공 밤에 방문하는 아름다운 다리 모든 것이 켜지고 물 기능이 있습니다 소풍을 싸서 강가에 앉아 물에 포도주가 담긴 다리의 반사를 감상하는 것이 좋습니다원문                                      ,엑스포다리,expo
 WY Han ,5,1년 전,대전의 랜드마크 중의 하나로 갑천을 남북으로 잇는 다리 입니다   차량이 다니지 않아 산책이나 사이클링하기에 좋습니다  다리 위의 조형물은 대전 유성구 인근의 밤 풍경을 멋지게 장식하고 있습니다,엑스포다리,expo
 박덕찬 ,5,1년 전,밤에오면 정말 멋짐,엑스포다리,expo
 유경석 ,4,1년 전,야경이 끝내줍니다,엑스포다리,expo
 서이찬 ,5,1년 전,추워요,엑스포다리,expo
 최준식 ,5,1년 전,대전의 상징야경이 이쁜곳,엑스포다리,expo
 sinh nguyen ,4,1년 전, 번역 제공 야외 활동을위한 좋은 장소원문    ,엑스포다리,expo
 AnArk ,5,1년 전, 번역 제공 나는이 장소를 좋아한다 원문   ,엑스포다리,expo
 rini anggraeni ,5,1년 전, 번역 제공 한국 가을에 방문하십시오 사람들은 다리 아래에서 한숨을 쉬고 피크닉을 좋아합니다 밤에 아주 시원 할 때원문                  ,엑스포다리,expo
 송다훈 ,5,1년 전,참 잘만들었다 이상적인 도시의 풍경이다세계 엑스포라는 가장 도시스러운 장소에 강이 흐르고 아름답게 조명해놓은 다리와 자전거와 도보가 잘되어있는길그리고 광장과 엑스포다리 한빛탑이 일자로 서 아름답게 만들어진 풍경가조그 친구 연인 모두 가볍게 와도 좋은곳이다,엑스포다리,expo
 ys 수 Choi ,5,1년 전,주말에 저녁때 음악과 함께 물 쇼를 볼 수 있습니다,엑스포다리,expo
 조광연 ,5,1년 전,야경도 좋고 낮에도 좋고,엑스포다리,expo
 이재수 ,5,1년 전,대전에서 도시경치가 좋다고 보여집니다,엑스포다리,expo
 정우성 ,4,1년 전,추억이 있는곳,엑스포다리,expo
 합리적 ,3,1년 전,갠춘,엑스포다리,expo
 Dennis Volz ,5,1년 전, 번역 제공 저녁 식사 후 약간의 산책로에 완벽한 멋진 다리 다리원문           ,엑스포다리,expo
 大山起養 ,3,1년 전,자전거로 조깅코스가 잘 갖춰져있습니다 가끔 축제 먹거리 장터도 운영됨,엑스포다리,expo
 Yongcheol Choi ,5,1년 전,야경이 더욱 끝내주네요,엑스포다리,expo
 jk56kim ,5,1년 전,좋아요,엑스포다리,expo
 두리두리번 ,5,1년 전,좋은 날씨와 맛있는 음식만 있으면 최고인 곳,엑스포다리,expo
 윤철호 ,5,1년 전,멋져요,엑스포다리,expo
 Tristan Tan ,5,1년 전, 번역 제공 아름다운 다리 매우 공상원문   ,엑스포다리,expo
 1순위달기 ,5,1년 전,푸드트럭화차 대전의상징,엑스포다리,expo
 Christos Papachristos ,3,1년 전, 번역 제공 예쁜 물가 공원이지만 다리는 압도적이었습니다원문       ,엑스포다리,expo
 서진혁 ,5,1년 전,산책하기 좋아요,엑스포다리,expo
 Daum Park ,5,1년 전,여기서 불꽃놀이도 한다,엑스포다리,expo
 LS A ,5,1년 전, 번역 제공 나는 낮과 밤에는 다리의 색채의 아름다움을 알고 싶어했습니다다리 아래에서 친구 또는 남자 친구와 함께하기에 좋은 곳원문                           ,엑스포다리,expo
 wingj920 ,4,1년 전,행사할때 가봤는데 야경이 아주이쁩니다,엑스포다리,expo
 정소희 ,5,1년 전,분위기 굿,엑스포다리,expo
 Story gaon ,5,1년 전,언제나 걷기좋은곳,엑스포다리,expo
 Pham Xuan Trung ,5,1년 전, 번역 제공 좋은 전망원문 ,엑스포다리,expo
 Yongjin Kim ,5,1년 전,거리 공연에 활기친 모습이 보기 좋아요,엑스포다리,expo
 한재성 ,5,1년 전,시원하고 좋았네요,엑스포다리,expo
 제어니 ,5,1년 전,이쁘죠,엑스포다리,expo
 אריה אליהו ,5,1년 전, 번역 제공 정말 아름다운 다리입니다원문  ,엑스포다리,expo
 김혜정 ,5,1년 전,어렸을때 정말 와보고싶었던곳 지금은 과학관을 운영하지 않지만 살인 지금 내가 와도 두근거리는곳이였다,엑스포다리,expo
 이웃음 ,5,1년 전,대전엑스포공원은 년 세계박람회를 마치고 년월 개장하여 현재까지 시민들에게 사랑받고 있습니다엑스포다리는 갑천을 연결하고 있는데 시민들에게 역시 사랑받고  있습니다특히 야경은 사진 작가들에게도 인기있고 갑천 산책로는 주야로 걷기 코스로도 아주 좋습니다올해는 미세먼지가 양호해  산책하는 분들이 많이 눈에 띄입니다,엑스포다리,expo
 연갓수 ,5,1년 전,좋아요,엑스포다리,expo
 모자수박바 ,5,1년 전,갑천과 조명이 잘 어울리는 곳,엑스포다리,expo
 hyun seoo shin ,5,1년 전,대전의 유일한 워라벨 즐기기 좋은 곳 가끔가다 축제도 많이 한다,엑스포다리,expo
 Gengiskan Kim ,5,1년 전,갑천에서 불어오는 시원한 바람,엑스포다리,expo
 Hoon Kim ,5,1년 전,대전의 랜드마크 과거에도 지금에도 미래에도 야경사진은 못찍어도 잘나옴 ,엑스포다리,expo
 이상건 ,5,1년 전,대전의 랜드마크,엑스포다리,expo
 정보영 ,4,1년 전,한강의 반포대교처럼 분수쇼도 하고제가 갔을때는 다리위에서 야시장을 진행하고 있더라고요야경이 예쁘고 좋았습니다,엑스포다리,expo
 김민준 ,4,1년 전,넓고 분위도 좋고 행사도 많이함,엑스포다리,expo
 Collins ,4,1년 전,항상굳,엑스포다리,expo
 김민수 ,5,1년 전,해질녘 뷰가 좋아요 마음이 편안해져요,엑스포다리,expo
 길준규 ,5,1년 전,여름엔 시 시에 분수쇼도합니다 데이트하기에도 좋은 장소,엑스포다리,expo
 Kevin Bae ,5,1년 전,대전이 제일 심심한 도시 중의 하나라고 알려져 있지만 찾아보면 아기자기하게 예쁜곳도 많고 재미있는 곳도 많습니다엑스포 다리도 저녁에 강가에 비치는 야경뿐만 아니라 수시로 개최되는 다양한 이벤트 볼거리들이 많은 곳입니다특히 금년 여름에는 세계 맥주 견우직녀 페스티발등이 열렸습니다 가족과 함께 연인과 함께 친구들과 함께 같이 즐길 수 있습니다해질 무렵 다리에서 보이는 노을 풍경도 좋습니다근처에 과학공원이나 수목원등이 있으니 시간 거리에 있는 분들이면 방문해 볼 가치가 있는 장소입니다,엑스포다리,expo
 곽연상 ,4,1년 전,불꽃놀이먹거리등 다양한 즐길거리가 있어 재미있었습니다,엑스포다리,expo
 김은아 ,4,1년 전,이쁘게 잘 만들어놨네용,엑스포다리,expo
 Alex choi ,5,1년 전,산책하기 좋은 장소 다리가 엄청 이쁨,엑스포다리,expo
 shekhar chauhan ,4,1년 전, 번역 제공 와우 저녁에 방문하는 것이 좋다 조명이 멋지다 꽤 매력적인 전망을 가진 다리 방문해야합니다원문                  ,엑스포다리,expo
 Alberta John ,5,1년 전,밤에 경치가 더 멋있는곳,엑스포다리,expo
 박세훈 ,3,1년 전,그냥 다리,엑스포다리,expo
 채동욱 ,5,1년 전,엑스포 추억,엑스포다리,expo
 유희선 ,5,1년 전,오 분위기좋음,엑스포다리,expo
 이영준 ,5,1년 전,쾌적하고 넓직한 공원,엑스포다리,expo
 Jaeun ,5,1년 전,시원해서 여름에 산책하기 좋음,엑스포다리,expo
 Yingying ,5,1년 전, 번역 제공  여름 학교에 갔다 이 장소는 에서 약  분 거리에 있습니다 밤이되면 더 가라 앉을 것을 추천합니다 엑스포 공원에는 여름 분수 쇼도 있습니다 밤에도 익스프레스 브릿지가 켜집니다 오후 원문                 ,엑스포다리,expo
 박미진 ,5,1년 전,예뻐요 반짝반짝합니다,엑스포다리,expo
 안태규 ,3,1년 전,익스포다리가 엑스포다리지,엑스포다리,expo
 조신우 ,2,1년 전,청소년들이 술먹고 싸워서 기분상함경찰단속필요지역,엑스포다리,expo
 김민식 ,5,1년 전,다리 밑에서 야경 찍기도 좋고다리위에서 놀아도 좋음,엑스포다리,expo
 이규봉 ,4,1년 전,아 여기 정말 너무 좋았어요 대전은 양파같은 도시인것같아요 정말 시에서 고기를 구워먹을수 있도록 지원해주다니 정말 신세계였어요,엑스포다리,expo
 윤철희 ,5,1년 전,야경오짐,엑스포다리,expo
 윤기웅 ,5,1년 전,최고,엑스포다리,expo
 y t yoon ,4,1년 전,야간에는 경관 조명이 들어와서  사진 찍기 좋습니다   남문광장과 거리가 멀지 않아 자전거를 타고 돌거나 걷기 좋습니다 주차할곳은 조금 거리가 있습니다,엑스포다리,expo
 jong eun hwang ,4,1년 전,야경이 좋음,엑스포다리,expo
 배정자 ,5,1년 전,아름답고 가족나들이하기좋아요,엑스포다리,expo
 이흥균 ,4,1년 전,견우직녀다리엑스포시민광장과 한빛탑을 연결자농차는 불가,엑스포다리,expo
 김경수 ,5,1년 전,대전유일 바베큐가 가능한 공원,엑스포다리,expo
 ej park ,4,1년 전,야경이 이쁜 곳,엑스포다리,expo
 Hye Bin Jeon ,5,1년 전,넘 이쁘고 멋져영 ,엑스포다리,expo
 Jason Bourne ,5,1년 전,아주 좋습니다 음악분수 할때는 금토 비 안올때 바람 안불때 저수위 아닐때 합니다 월에서 월까지,엑스포다리,expo
 구형식 ,4,1년 전,아내와 자전거 하이킹했어요 자전거 도로가 아주 잘되어 있어요,엑스포다리,expo
 이진우 ,4,1년 전,야경 굳,엑스포다리,expo
 이소영 ,5,1년 전,좋아요,엑스포다리,expo
 옛사람버리고 ,5,1년 전,밤에산책하기좋아요,엑스포다리,expo
 Euikyung Lee ,5,1년 전,공원 산책하기 좋은,엑스포다리,expo
 정건 ,3,1년 전,날파리 좀 어떻게 해야 뛸 듯,엑스포다리,expo
 김춘수 ,5,1년 전,야경 좋음,엑스포다리,expo
 솔로몬 ,5,1년 전,애들데리고 놀기 좋아요,엑스포다리,expo
 이재광 ,4,1년 전,제회 청년 상인 페스티벌,엑스포다리,expo
 성호.남궁형님 ,5,1년 전,어린 의뢰인  영화 촬영지그 의미를 기어하며아름다운 저녁노을을 당아 보냅니당,엑스포다리,expo
 young lee ,5,2년 전,멋져요,엑스포다리,expo
 규핑팡 ,4,2년 전,밤에 이쁨 데이트하기 좋은장소 벚꽃도 볼수있는곳 차도못다니게해서 자전거나 걸어다녀야만하는게 장점임 한밭수목원에서 돗자리피고 놀다가 월부터 하는 음악분수보러 갔다가 집에 갈때 엑스포다리보면서 오늘도끝난걸 느끼면됨 완벽하지만 별개주지않는 이유는 내가 애인이 없어서 그렇다,엑스포다리,expo
 Seungho Yang ,5,2년 전,년중 다양한 축제가 개최되는 멋진 곳입니다,엑스포다리,expo
 정상문 ,5,2년 전,대전 최고의 경관조명,엑스포다리,expo
 차중호 ,4,2년 전,좋아요,엑스포다리,expo
 Stella Lee ,5,2년 전,운동산책하기 적당,엑스포다리,expo
 잼나다잼나 ,5,2년 전,대전 이쁜 다리 한밭수목원 꿀잼다리,엑스포다리,expo
 Chaeyoung Im ,4,2년 전,운동 반환점으로 자주 애용하는 곳,엑스포다리,expo
 정운하 ,5,2년 전,좋아요추억의 다리,엑스포다리,expo
 서재우 ,5,2년 전,최고의 힐링공간 입니다,엑스포다리,expo
 Aisar ul hassan ,4,2년 전, 번역 제공 산책을위한 완벽한 장소 원문     ,엑스포다리,expo
 Peter Hoon Kang ,4,2년 전,대전의 대표 다리견우와 직녀 다리로 이름이 바꼈습니다,엑스포다리,expo
 문정식 ,3,2년 전,밤에 야경이 좀 볼만 하나,엑스포다리,expo
 김은주 ,5,2년 전,차가없는다리,엑스포다리,expo
 임현규 ,5,2년 전,산책하기 좋고 야경좋고 밤공기 좋고 음악과 운치가 있고 사람이 있다,엑스포다리,expo
 Harsh Kumar Mishra ,5,2년 전, 번역 제공 당신이 강을 걸어 가면 숨이 죽을 것이다원문       ,엑스포다리,expo
 yeong woo Kwon ,5,2년 전,자잔거타고 다니기 좋았다,엑스포다리,expo
 한내마음의 심금 ,4,2년 전,연인끼리 즐길수  있는 풋풋한장소  걸어가며 서로에게 좋은 추억 남기세요,엑스포다리,expo
 이율빈 ,5,2년 전,이쁨,엑스포다리,expo
 IMMFY _ ,5,2년 전,바람 많이 붐,엑스포다리,expo
 John Mor ,4,2년 전, 번역 제공 멋있는원문,엑스포다리,expo
 푸푸 ,5,2년 전,존나이뻐,엑스포다리,expo
 Lisa Park ,5,2년 전,대전의 아름다운 야경을 보기 좋어요,엑스포다리,expo
 초딸게임 ,5,2년 전,아주피리티 함,엑스포다리,expo
 최정은 ,4,2년 전,한밭수목원옆에  있어  같이  가보는것도  좋아요,엑스포다리,expo
 남경래 ,4,2년 전,운동과 관광을 동시에 즐길수 있어서 정말 좋습니다,엑스포다리,expo
 KBM ,5,2년 전, 번역 제공 그것은 아름다운 산책의 장소입니다 많은 사람들이 주말과 휴일에 여기에옵니다수목원 호텔 컨벤션 센터 큰 광장 작은 마트가 있습니다  빌려 줄 수있어그리고 주말에만 야경이 꽤 좋네요원문                 ,엑스포다리,expo
 YH K ,4,2년 전, 번역 제공 좋은 전망원문 ,엑스포다리,expo
 Hesham Maharmeh ,5,2년 전, 번역 제공 엑스포 공원의 가장 좋은 장소는 휴식을 취하거나 자전거를 타거나 즐기는 곳입니다밤에는 조명이 정말 놀랍습니다그것을 사랑해원문                     ,엑스포다리,expo
 El Condor Pasa ,5,2년 전,경치가 좋습니다 산책하기 좋음 여름에 가볼만 합니다,엑스포다리,expo
 Manmatha Mahato ,5,2년 전, 번역 제공 좋은 사람원문 ,엑스포다리,expo
 정재홍 ,5,2년 전,대전 갑천운동 중 들러가는 곳인데 사진도 여러장 찍어 놓아죠,엑스포다리,expo
 김응순 ,5,2년 전,대전 엑스포 대표 포토 포인트,엑스포다리,expo
 창작AJY ,3,2년 전,야경 사진 찍기 좋은 포인트입니다다만 한빛탑에 조명 시설이 잠깐 들어와서아쉬웠습니다,엑스포다리,expo
 Sien Lee ,5,2년 전,라디오를 듣다가 회 견우직녀축제가 열리는 것을 알고 불꽃놀이 보러 엑스포다리로 고고 평소에 라디오 잘 안듣는데 운좋게도 그날이 장날이었던  분 남짓 팡팡 터지는 불꽃놀이 보려고 세시간 넘게 서 있어서 마지막엔 허리가 뻐근해졌지만 불꽃놀이를 보는 순간 눈에서 하트 무한발사 대전을 떠나는 제게 크나큰 선물같은 순간이었어요 년 대전엑스포를 보기 위해 다리를 건너던 기억도 새록새록 떠오르고 또 언제 다시 찾게 될지 기약없는 제게 오래도록 예쁘게 기억될 것 같아요,엑스포다리,expo
 조조철훈 박사 ,4,2년 전,여름에 다리 건너편 음악분수 너무 좋습니다,엑스포다리,expo
 김dory ,5,2년 전,데이트 장소 아주 좋아요,엑스포다리,expo
 박삼룡 ,4,2년 전,년 월일 일출경험,엑스포다리,expo
 전영호 ,5,2년 전,연인들이 한밭수목원 데이트 후 야경사진으로 많이 찍는 포토존입니다 대전 년도 엑스포때 세워진 다리이구요 한때 꿈돌이와 함께 대전을 대표하는 건축물 중에 하나였습니다 지금은 많이 노후되었지만 여전히 낭만적인 도로입니다 차량은 지나갈 수 없습니다,엑스포다리,expo
 지연옥 ,4,2년 전,위에서바라보아도 좋지만다리밑에하천도로 잔디밭에서 바라보아도 뷰가예뻐요하천꽃길도 예쁘구요자전거도로도있습니다자전거타고 산책하기굿입니다,엑스포다리,expo
 이종호 ,3,2년 전,자전거 타기도 좋고 휴식장소로 최적임,엑스포다리,expo
 Huisung Park ,4,2년 전,야경 찍기에 아주 좋네요  사람들만 다니는 다리 입니다,엑스포다리,expo
 No Fear ,4,2년 전, 번역 제공 밤에 이곳을 방문하는 것이 좋습니다원문       ,엑스포다리,expo
 최일선일선 ,5,2년 전,년 대전 엑스포  때에  건설된 다리로서 한화에서 만든 한빛탑과 어우러져 잘 어울린다주변이 공원화 되어서 대전시민의 휴식공간으로 좋은곳이다주변에 한밭수목원이 있어서 더욱 좋은 시민의 공간역할을 하는 곳이다자주는 아니지만 가끔 놀러간다,엑스포다리,expo
 유유 ,4,2년 전,시야가 뻥뚫려 가을날씨에 더 없이 좋은 산책로,엑스포다리,expo
 Muhammad Hilmi Asyrofi ,4,2년 전, 번역 제공 밤에 화려한 조명 램프가있는 대전의 아름다운 다리원문          ,엑스포다리,expo
 yh lee ,5,2년 전,주변 자전거 타기 좋고 밤엔 드문드문 버스킹도 하구요 따뜻할 땐 주변에서 고기 구워먹어도 좋습니다,엑스포다리,expo
 곽희빈 ,4,2년 전,다좋다 다좋은데 자전거타는분들하고 기독교에서 자꾸 쓰레기를 나눠줘서 불쾌감이 넘 높았음자전거분들은 어찌나도 씽씽다니는지 스피커는 빵빵 마치 도로위에서 포르테쿱 창문열고 시덥잖은 우퍼달아놓고 붕붕 거리는꼴 같았음그래도 수목원내부는 조용해서 좋았다,엑스포다리,expo
 R Ramelo ,5,2년 전, 번역 제공 차없는 공간이 마음에 들었습니다원문   ,엑스포다리,expo
 박훈기 ,4,2년 전,사진찍기좋은 포토죤,엑스포다리,expo
 강현규 ,5,2년 전,야경이 아름다운 곳 봄부터 가을까지 가볼만한곳,엑스포다리,expo
 GinZ Trần ,4,2년 전, 번역 제공 예쁜원문,엑스포다리,expo
 이화준 ,4,2년 전,한밭수목원과 엑스포 다리 산책하기 딱 좋은 곳이네요엑스포 다리 위에서 강바람 한번 느껴 보세요,엑스포다리,expo
 해미 ,4,2년 전,봉사활동으로 갔는데 좀 멀지만 재밌었당,엑스포다리,expo
 김귀태 ,5,2년 전,야경이 정말 이뻐요 ,엑스포다리,expo
 hoony kim ,4,2년 전,엑스포다리,엑스포다리,expo
 달윗 ,5,2년 전,산책하기 좋아요,엑스포다리,expo
 KH R ,5,2년 전,애인이랑 같이 가세요,엑스포다리,expo
 김강 ,4,2년 전,여름분수도 하고 축제도자주함 경치좋음,엑스포다리,expo
 Gaj Simamora ,4,2년 전, 번역 제공 좋은 곳원문 ,엑스포다리,expo
 sandy park ,4,2년 전,훌륭한 산책코스,엑스포다리,expo
 배스하우스 ,5,2년 전,엑스포다리 대전시민들이 휴식과 데이트장소,엑스포다리,expo
 wyggg k ,5,2년 전,좋다,엑스포다리,expo
 gh cho ,4,2년 전,야경으로 쵝오,엑스포다리,expo
 김수호 ,5,2년 전,좋은장소,엑스포다리,expo
 Joshua Park ,5,2년 전,야간산책최고,엑스포다리,expo
 unicoop u ,5,2년 전,갑천 바람이 조아요엑스포다리 아름다워요,엑스포다리,expo
 돌돌이 ,4,2년 전,멋짐,엑스포다리,expo
 유성마님 ,5,2년 전,언제나 가고싶은 대전에 자랑 입니다,엑스포다리,expo
 천인우 ,3,2년 전,지금은 좀 촌스럽습니다,엑스포다리,expo
 DJ S ,4,2년 전,여자친구랑 한번은 가봤을듯 밤에 물쏘는거랑 야경도 괜찮음  여름엔 한빛탑 앞에서 음악분수도 하니까 한번쯤 가보시길,엑스포다리,expo
 *우리는 안녕 TV2 ,4,2년 전,견우 직녀 축제기간에 즐겼음 푸드트럭 음식도 좋았음,엑스포다리,expo
 원영걸 ,4,2년 전,분수쇼  볼만 합니다 지나는 길 버스킹도 감상 하세요,엑스포다리,expo
 박윤희 ,5,2년 전,한빛탑 분수쇼를 구경하고 엑스포다리 야경보기,엑스포다리,expo
 김기철 ,4,2년 전,엑스포공원 수목원과 함께있는 장소로 연인과 야간데이트 하기에 좋습니다아이들과 밤산책하기에도 나쁘지 않고요계절별 다양한 행사도 있으니 심심치 않습니다,엑스포다리,expo
 Wonkyu Na ,3,2년 전,작은 다리,엑스포다리,expo
 J.H Kim ,5,2년 전,야경이 좋아요,엑스포다리,expo
 michael kerwin ,5,2년 전, 번역 제공 멋진 랜드 마크 밤에는 조명이 켜지고 편안한 시간을 보내기에 정말 좋은 곳입니다 그것은 자전거 대여뿐만 아니라 다른 것들을 제공하는 엑스포 공원의 일부입니다 다리를 타는 것은 많은 재미가 있으며 여름에는 무료 패들 보트와 강에서 카누를 타는 것입니다 밤에 데이트하기 좋은 곳원문          ,엑스포다리,expo
 Partha Pratim Hazra ,5,2년 전, 번역 제공 대전의 랜드 마크입니다 무료 걷기 자전거 타기 사진 촬영을위한 환상적인 장소원문             ,엑스포다리,expo
 준비했어널위해 ,5,2년 전,대전의 랜드마크 이곳에서 노상은 행복하다,엑스포다리,expo
 hyoyong lee ,4,2년 전,해질무렵 황홀한  낙조 감상적합,엑스포다리,expo
 설렘과꿈이야기 ,5,2년 전,시민들과 사진애호인들이 많이 찾는 데이트명소,엑스포다리,expo
 Hồ Vương Quân ,4,2년 전, 번역 제공  조명과 드롭 물이있는 다리원문      ,엑스포다리,expo
 lee yeo ,4,2년 전,대전에 별로 볼게 없지만 시원한 강바람 쐬며 다리 아래 건너면 정말 좋습니다,엑스포다리,expo
 Dong Hyug Na ,5,2년 전,아주 멋지고 자전거를 타기에 아주 좋은곳 입니다,엑스포다리,expo
 harpreet singh ,5,2년 전, 번역 제공 멋진 정원 어린이와 사랑의 새 원문       ,엑스포다리,expo
 류태우 ,5,2년 전,꼭 놀러가야함 굳,엑스포다리,expo
 그냥햄스터 ,5,2년 전,다리이쁨,엑스포다리,expo
 곽원섭 ,5,2년 전,옆에 고기 구워먹을 곳도 있고 야경도 예쁘고 자전거도 있고,엑스포다리,expo
 Алексе́й ,5,2년 전,공식명칭은 엑스포다리지만 맥도날드다리로 불리는 대전의 대표적인 야경 명소입니다 엑스포시민광장과 연결되어 있어 산책길로 훌륭합니다 야간 촬영 명소로도 손색이 없습니다,엑스포다리,expo
 Gibbeum Lee ,5,2년 전,밤에 너무 예뻐요  산책하기 좋아요,엑스포다리,expo
 Jincheul Jang ,4,2년 전,다좋은데 치킨배달안옴,엑스포다리,expo
 장익석 ,3,2년 전,대한민국 첫 엑스포의 상징,엑스포다리,expo
 Smita Pal ,5,3년 전, 번역 제공 좋은 장소원문 ,엑스포다리,expo
 이동근 ,4,3년 전,야경만 봣는데 좋았어요 정보가 너무 없었어요,엑스포다리,expo
 Mahmood Shahzeidi ,5,3년 전, 번역 제공 다리 근처에서 예식을 가졌습니다 너무 좋았습니다원문           ,엑스포다리,expo
 •Jaehee• Hiyam ,5,3년 전,다리의 조명이 야경을 아름답게 합니다 데이트나 가족들과 나들이 하기 참 좋은 곳이에요 엑스포다리에서 바라보는 경치도 참 멋있어요,엑스포다리,expo
 Jae Young Koh ,5,3년 전,봄날의 멋진 장소걷고 자전거 타기,엑스포다리,expo
 선과악 ,5,3년 전,여기서 외국인들이랑 사진도찍었음 드라이브가는김에 산책추천,엑스포다리,expo
 YoungSir Park ,3,3년 전,대전롯데시티호텔 앞이라 접근하기좋으면 천변 걷기도 좋을것 같습니다,엑스포다리,expo
 호미숙 ,5,3년 전,대전 야경명소,엑스포다리,expo
 PROJECT MONEY ,5,3년 전, 번역 제공 멋지게원문,엑스포다리,expo
 김현호 ,4,3년 전,나들이나 산책이나 소풍 다 좋아요,엑스포다리,expo
 이상형 ,4,3년 전,다리양쪽으로 엑스포광장 엑스포 공원이 있으며 다리밑으로는 금강이 흐르는 휴식할수 있는다리,엑스포다리,expo
 Gurung Ritesh ,3,3년 전, 번역 제공 저녁에 산책하기에 완벽한 장소원문       ,엑스포다리,expo
 hyun seung shin ,3,3년 전,산책하기도  야경보기도 좋은곳입니다 요즘은 엑스포다리 조명도 있어서 운치 있네요,엑스포다리,expo
 Youhan Kim ,5,3년 전, 번역 제공 따라 걷는 멋진 다리원문    ,엑스포다리,expo
 홍종상 ,5,3년 전,대전의 랜드마크 야경이 특히 아름답습니다,엑스포다리,expo
 주니3. ,4,3년 전,많이갔던 장소는 엑스포다리이다이다리에서는 여러가지행사가 있어서 여기를 많이갔다,엑스포다리,expo
 노비스민_noViceMin ,5,3년 전,이밴트도있고 좋아요,엑스포다리,expo
 Joontae Park ,5,3년 전,대전의 유일한 관광지라 불리는 엑스포달 남문광장쪽으로는 가족 바베큐장이 있다,엑스포다리,expo
 Beautiful Dreams ,5,4년 전, 번역 제공 대종에서 자전거 타기 가장 좋은 곳  를 사용하여  시간 동안 만 사이클을 계산할 수 있습니다원문                ,엑스포다리,expo
 Jinsuk Kim ,5,4년 전,야경이 아름다운 다리,엑스포다리,expo
 Hyo Sang Kim ,4,4년 전,엑스포 수목원을 거치는 좋은 산책코스,엑스포다리,expo
 MaxMyMax ,4,4년 전,대전의 랜드마크입니다,엑스포다리,expo
 H kc1371 ,5,4년 전,계절마다 다양한 풍경을 즐길 수 있고 무료로 사용할 수 있는 바베큐장이 있다,엑스포다리,expo
 TV봇짐장수 ,5,4년 전,대전명물,엑스포다리,expo
 고니 ,4,4년 전,날이추우면 따뜻하게 입고 운동가거나 날이 풀리면 돛자리깔고 소풍가기 좋다,엑스포다리,expo
 Wooram Choi ,4,4년 전,주변에 편안하게 쉴곳이 많다,엑스포다리,expo
 David Robles ,5,4년 전,아름다운,엑스포다리,expo
 JaeWoo Kim ,4,4년 전,야경 너무 좋고저녁에 가족끼리 산책하기 너무 좋음차 통제 막음어디 주차하기가 좀 애매한 감이 있음,엑스포다리,expo
 Dew Dew ,5,4년 전,야경이 이쁘고 산책이나 자전거타러가기 좋음 지역축제나 행사가 많이 열림,엑스포다리,expo
 DARA HUY ,4,5년 전, 번역 제공 좋은 장소는 친구 또는 가족과 함께 휴식을 취하십시오원문       ,엑스포다리,expo
 seon ,5,19시간 전,한빛탑 음악분수시에 나오는 음악분수만 보려고 갔었는데 너무 멋진 모습에 시것도 보고왔어요시에 한것이랑 음악선곡이랑 분위기가 달라서 더 좋았어요,한빛탑,expo
 레몬에이드 ,4,1일 전,야간분수공연보고왔어요 돗자리챙겨 가면 좋을 듯 해요  아이들과함께좋았어요,한빛탑,expo
 황금알 ,5,1일 전,분수쇼도 멋지고 한빛탑이 대전의 상징이 되었으면 합니다,한빛탑,expo
 유수지 ,5,2일 전,물분수 아이들이 좋아해요 저도 힐링했네요,한빛탑,expo
 노태훈 ,4,2일 전,굿,한빛탑,expo
 김동근 ,5,5일 전,한빛탑아래 분수쇼 넘좋아요 최고,한빛탑,expo
 Z Y ,5,5일 전,꿈돌이 귀엽음악분수 굿,한빛탑,expo
 Steve Lim ,5,1주 전,어린 시절 수학여행 이후 방문하는 거라 기억과 많이 달라진 모습이 낯설면서도 감회가 새로웠습니다 파사드 프로젝션 및 음악 분수 공연을 제공하여 시민들에게 사랑받는 공원으로 자리매김한 것이 인상적이었습니다,한빛탑,expo
 김가불 ,5,1주 전,믿고 가는 한빛탑,한빛탑,expo
 서백규 ,5,1주 전,대전의 상징,한빛탑,expo
 SY K ,5,1주 전,이렇게 좋은데 사람 없어서 두바이 싱가폴보다 더 좋음 ,한빛탑,expo
 백성욱 ,3,1주 전,아이들이 좋아했어요,한빛탑,expo
 김효정 ,5,2주 전,나만 당할수 없징,한빛탑,expo
 리하쫄 ,5,3주 전,주차요금 있어요,한빛탑,expo
 Seyoug Kim ,4,1달 전,밤에 예뻐요 입장료 ,한빛탑,expo
 김무현 ,5,1달 전,대전을 대표하는 타워로 최근 재개장하였습니다 엑스포다리와 일직선으로 위치하여 조화로워요 대전 여행의 필수 코스,한빛탑,expo
 이창현 ,5,1달 전,야경맛집,한빛탑,expo
 하잉 ,4,1달 전,좋지만 썰렁함,한빛탑,expo
 정상문 ,5,1달 전,미디어파사드 좋아요,한빛탑,expo
 채도우너 ,5,2달 전,파사드 볼만해요,한빛탑,expo
 이수지 ,5,2달 전,야경보기조아요,한빛탑,expo
 배고프다아 ,2,2달 전,이쁘지만 시끄럽고 담배냄새가 많이남,한빛탑,expo
 암스 ,5,2달 전,이걸 실물로 보게될줄 몰랐음꿈돌이 실물 볼 수 있음,한빛탑,expo
 Yongcheol Choi ,4,2달 전,최근 새롭게 깔끔하게 단장되었읍니다,한빛탑,expo
 장성민 ,5,2달 전,년대 국딩의 추억의장소,한빛탑,expo
 고희석 ,5,2달 전,어렸을 때 꼭 가보고 싶었던 곳이어서 좋았습니다 지금년 월은 대부분의 주변시설이 리모델링 중이라서 볼 건 별로 없었지만 리모델링 이후의 모습이 기대됩니다,한빛탑,expo
 Tibber Kim ,2,2달 전,황량해서 아쉽,한빛탑,expo
 김대성 ,5,2달 전,너무 이쁘고 좋음 우연치않게 산책나왓다 발견다시가고싶음 포토존같은것도있고 작은 놀이기구도 있다 여유롭게 커피한잔하면서 가만히 앉아있고 싶은곳 사람이 너무많아 아쉽지만 거기서 뭘 먹진 못할듯,한빛탑,expo
 김환 ,5,2달 전,내부가 굉장히 깔끔함 타워에서 아래쪽 풍경을 시원히 내려다볼수있어 좋음 직원들도 매우 친절하고 가격도 저렴함입장료 성인 원,한빛탑,expo
 ki콜로세움 ,1,3달 전,과거 혁명적인 대전엑스포 느낌이 전혀없네요,한빛탑,expo
 SeongJae Hong ,5,3달 전, 번역 제공 대전의 랜드 마크 특히 밤  시부 터 시작되는 아름다운 미디어 쇼원문            ,한빛탑,expo
 John Kang ,5,3달 전, 번역 제공 대전 최고의 경치를 보여주기 위해 외국인 친구들과 탑까지 올라갔습니다 정말 멋진 전망이 있습니다원문                      ,한빛탑,expo
 조예슬 ,3,3달 전,레이저쇼 스토리없고  재미없고산책하기좋아요,한빛탑,expo
 신효주&주원 아빠 ,4,3달 전,그냥기대가 너무컸나조금 실망한듯그래도 아이들이 좋아해서,한빛탑,expo
 박만일 ,4,3달 전,좋아요,한빛탑,expo
 배진환 ,5,3달 전,예쁘게 잘해놨네요,한빛탑,expo
 dongsoo s ,4,3달 전,밤에 야경이 넘 좋아요,한빛탑,expo
 전뱅 ,5,3달 전,요새 이뻐짐산책가기 좋아요,한빛탑,expo
 go ko ,5,3달 전,밤에 꼭 보러오세요,한빛탑,expo
 HJ LEE ,4,4달 전,조아요,한빛탑,expo
 sunghun bang ,5,4달 전,과학가득 신비가득 멋진경관 굿입니다,한빛탑,expo
 Hyoshin Kim ,5,4달 전,넓은 공간이 있어 모든 계절에 방문하기에 좋은 곳입니다,한빛탑,expo
 # ,3,4달 전,볼건없음,한빛탑,expo
 Bart McPeak ,4,4달 전, 번역 제공 멋진 전망원문 ,한빛탑,expo
 Sugeun KIM ,5,4달 전,년전 추억으로 꿈돌이 보러갔다가추억만 만지작 하고 온 곳무슨 건물마다 입장료 원씩을 받아요전체 입장료 원 받고 다 들어갈 수 있게하지대한민국 모든 엑스포 장소는 유령도시가 됩니다추천 나만 갈 수 없지,한빛탑,expo
 fullmetal alchemist Oui ,5,4달 전,엘이디 트리,한빛탑,expo
 oo dd ,5,4달 전,완전이뻐요,한빛탑,expo
 윤기동 ,5,4달 전,시민휴식공간으로 재탄생햇네요,한빛탑,expo
 Wooseok Nam ,4,4달 전,한빛탑 빛의 향연 중이지요겨울 밤을 멋지게 밝혀주네요,한빛탑,expo
 조혜현 ,5,4달 전,말일까지 한빛탑,한빛탑,expo
 5은경 ,5,4달 전,한빛탑 미디어 파사드,한빛탑,expo
 Ran Park ,5,4달 전,새로 바뀌고 깔끔해졌음 강아지동반 불가,한빛탑,expo
 로롱다리 ,1,5달 전,주변에공사하고 엉망 뭐보가야할지모르겟음,한빛탑,expo
 Suk hoon Kang ,5,5달 전,대전의 랜드마크,한빛탑,expo
 Dave Lee ,4,5달 전,옛추억이 새록새록,한빛탑,expo
 박은선 ,5,5달 전,일까지 저녁시부터 시까지 분씩 미디어파사드 운영하는데 넘 예쁘고 연말분위기 나요,한빛탑,expo
 Carla Souza ,5,5달 전, 번역 제공 너무 나쁜 것은 닫혔습니다      그래도원문         ,한빛탑,expo
 잌ik tube ,5,5달 전,절대 꿈돌해,한빛탑,expo
 김효성 ,3,6달 전,그럭저럭,한빛탑,expo
 김종현 ,5,6달 전,좋았어요,한빛탑,expo
 우오와 ,5,6달 전,추억이있는곳,한빛탑,expo
 김동우 ,4,6달 전,년대 추억을 소환하는 좋은 곳이에요,한빛탑,expo
 한상익 ,3,6달 전,주차장부터 돈받기시작해서들어갈수있는 모든곳이라고 하기에  창피한 건물도 모두 입장료가 있습니다광장은 유지보수가 안돼 모든 바닥대리석이 깨져있고이제 흉물에가까워요,한빛탑,expo
 그링자의캠핑클레스 & 문화캠핑 ,5,6달 전,좋아요,한빛탑,expo
 Jin Park ,2,7달 전,공사가 절실한 상황 과거의 엑스포의 유일한 증거인데 너무 관리가 안되고 있음,한빛탑,expo
 푸른마 ,5,7달 전, 대전 엑스포부모님 잃고 시간 헤맨 추억의 장소,한빛탑,expo
 권미숙 ,4,7달 전,가을 하늘과 넘 멋지게 어울어져 좋았어요,한빛탑,expo
 Karen _ ,4,8달 전,추억이 묻어나는 곳,한빛탑,expo
 hyeon seok jeong ,5,8달 전,많이 바뀐,한빛탑,expo
 Gam Kang ,5,9달 전,한화가 지었대,한빛탑,expo
 Jose Jo ,5,9달 전,예쁨  랜드마크,한빛탑,expo
 김은미 ,1,9달 전,공사중,한빛탑,expo
 마카로니 ,5,10달 전,코로나로 아직 문닫았어요,한빛탑,expo
 SeongMin Yu ,5,1년 전,대전의 랜드마크 모두들 각자 만의 추억이 있는 곳,한빛탑,expo
 Алексе́й ,5,1년 전,대한민국 최초의 국제박람회기구 공인 엑스포로 열린 년 세계 박람회를 기념하기 위해 세워진 높이 의 상징 조형물입니다  현재는 엑스포 다리와 함께 대전을 대표하는 랜드마크로 자리 잡았고 한빛탑 광장 일대에서는 연중 야외 이벤트가 끊이지 않고 열리고 있습니다,한빛탑,expo
 KAIEN ,4,1년 전,엑스포의 추억,한빛탑,expo
 TED K ,3,1년 전,추억으로 가볼만하지만 두번가지는 않을 듯함전망대 안에 자판기만 있음,한빛탑,expo
 행동하는양심 ,4,1년 전, 년도 추억이 새록새록,한빛탑,expo
 슈퍼smith ,3,1년 전,쌀렁하더이다직원들이 날보고 놀람예전에 못와봤는데 이제야와봤음,한빛탑,expo
 침뽕 ,5,1년 전,야간 개장도 하면 좋을 것 같습니다,한빛탑,expo
 unicoop u ,1,1년 전,경비아저씨 불친절한 안내 기분 좋지않아요,한빛탑,expo
 김영선 ,5,1년 전,한가하니좋네요,한빛탑,expo
 조성현 ,5,1년 전,올라가보니 년 걱정거리가 없어지고 가슴이 뻥뚤린거 같아서 좋았다 다음에도 또올라가보고 싶다,한빛탑,expo
 mile 스마일 s ,3,1년 전,맥주축제때 방문했는데 푸드트럭이 생각보다 특별한게 없었네요,한빛탑,expo
 이진하 ,3,1년 전,대전의 상징이자 노후화늬 상징,한빛탑,expo
 Sharon Nabwire ,3,1년 전, 번역 제공 대전 다리의 멋진 전망을 제외하고는 볼거리가 많지 않습니다원문              ,한빛탑,expo
 서천물영감 ,4,1년 전,여름 달빛축제때가면 볼꺼리도 많고 좋아요,한빛탑,expo
 김원준 ,3,1년 전,높아 좋은데,한빛탑,expo
 WY Han ,4,1년 전,대전의 멋진 랜드마크 입니다,한빛탑,expo
 autumn ,5,1년 전,직원분들 너무 친절하세요 꿈돌이 미니어처나 엽서같은 굿즈가 있었다면 좋았을텐데 그게 너무 아쉽네용,한빛탑,expo
 Jayden ,5,1년 전,달밤소풍 공연이 좋았음,한빛탑,expo
 Джин Чай ,3,1년 전,그냥 추억을 되살리기엔 좋은 조형물이지만 위치가 좀 어정쩡해서 자차로 가면 잠깐 들르기 나쁘지 않아도 대중교통까지 이용해서 찾아가는 것은 완전 추천하지 않습니다,한빛탑,expo
 미츄 ,4,1년 전,산책하기 좋은 대전야경맛집,한빛탑,expo
 bosuk ,5,1년 전,년도 초학년때 그렇게 가고싶었는데지금가보니 감회가 새롭네요,한빛탑,expo
 이학수 ,3,1년 전,주말에 관람객이 너무없네요,한빛탑,expo
 김정록 ,4,1년 전,엑스포 공원에 있는 한빛탑으로 이젠 근 년이 다되어 가는 듯 엑스포기념관은 무료로 둘러볼 수 있어 좋았어요,한빛탑,expo
 wall E ,3,1년 전,어릴 적 추억여행,한빛탑,expo
 Walter Bae ,5,1년 전,오랜만에 가보았네요 예전엑스포의 마지막추억자리,한빛탑,expo
 萩谷直之 ,3,1년 전, 번역 제공 이전 붐볐다 것입니다원문,한빛탑,expo
 S W ,5,1년 전, 추억의 엑스포,한빛탑,expo
 송다훈 ,4,1년 전,내부로 못들어감 매우 유의하길긴 거리를 걷거나 자전거타고오는사람이 대부분일텐데 내부 못들어가는거 미리 알고 가는게 나중에 실망안할 수 있음 그래도 불키고 이것저것하면 건물 자체가 보기 이쁨,한빛탑,expo
 Jason Bourne ,5,1년 전,대전의 랜드마크 새로 생기는 신세계 도 그렇고무역전시관 교통문화연구원 등 몰려있음 엑스포다리 건너면 문화단지가 있음,한빛탑,expo
 박도현 ,1,1년 전,주변이 공사하고 경치도 예전같지 않은데 원받음,한빛탑,expo
 homin Kim ,3,1년 전,입장료가 아까움,한빛탑,expo
 백곰백곰 ,3,1년 전,평일 낮에는 산책하기 좋구요 사진찍기 좋은 곳이예요,한빛탑,expo
 그림놀이 ,3,1년 전,간단한 휴식을 취할 수 있는곳,한빛탑,expo
 Jonghyuck Park ,4,1년 전,어린시절 추억이 새록새록 근데 좀 비쌈 차라리 꼭대기에서 차를 팔면 어떨까함,한빛탑,expo
 이진애 ,1,1년 전,시설이 형편 없어요돈을 받고 본다는 자체가 도둑심보네요,한빛탑,expo
 Kimann Yoo ,5,1년 전,굳굳,한빛탑,expo
 김화현 ,3,1년 전,예전 대전엑스포의 상징이었던 전망탑 잠시 주변과 올라가서 구경하긴 좋은데 다른 전망대처럼 올라갔다고 해서 특별하게 볼 것은 없다 최대 원의 입장료도 받고있으니 참고할 것,한빛탑,expo
 유혜숙 ,2,1년 전,엑스포때 지은 탑 올라가 보니 별것도 없고 돈 원도 솔직히 아까운 생각이들었다,한빛탑,expo
 Dong Hwan Shin ,5,1년 전,여름이면 찾아오는 달빛소풍의 중심 한빛탑 음악분수 없어진 게 너무 속상하네요,한빛탑,expo
 김연광 ,5,1년 전,아주 좋아요,한빛탑,expo
 Ngoc Duyen Tran ,3,1년 전, 번역 제공 볼 것이 많지 않다원문    ,한빛탑,expo
 미스케냐 ,3,1년 전,예전의 위상을 생각하면 안돼요 행사 있어서  갔다왔는데 아쉬움이 많이 남는 추억의 장소네요,한빛탑,expo
 신차호 ,5,1년 전,지금 한빛탑앞에  음악 분수대와 거울분수대 공사가 한창이다  년월까지 공사기간이다완성되면 정말 아름다운 대전의  장소가 될것 같습니다,한빛탑,expo
 Hancho ,4,1년 전,푸드트럭 행사 한다고 해서 처음 가봤는데 어렸을적 꿈돌이 볼 수 있어서 좋았어요 굳굳,한빛탑,expo
 쩡우 ,5,1년 전,밤에 보기 굉장히 좋음,한빛탑,expo
 조성길 ,5,1년 전,경치 굿,한빛탑,expo
 배소희 ,3,1년 전,탑위에 아무것도 없어요 명상하기 좋은 곳 딸이 올라가는 엘베에서 유리너머로 우주그림 보는 재미로 망원경 보는 재미로 가는데 어른 가기에는  게다가 입장료 어른  갤이상  ,한빛탑,expo
 hoony kim ,4,1년 전,대전의랜드마크,한빛탑,expo
 김민중 ,5,1년 전,한빛탑은 대전의 랜드마크죠 입장하여 전망대를 돌고있자면 대전의 아름다움을 눈에 담을 수 있답니다,한빛탑,expo
 rain Lee ,3,1년 전,주위가 공사중 이네요,한빛탑,expo
 이서율 ,5,1년 전,맥주축제감,한빛탑,expo
 방수빈 ,5,1년 전,맥주축제가 너무 재밌었음,한빛탑,expo
 미스나나 ,3,1년 전,한번은경험삼아 가볼만한 두번은,한빛탑,expo
 오익덕 ,3,1년 전,여기에 볼것 체험꺼리가 있었는데 시민들의 놀이체험꺼리를 다른시설들로 채워가네요,한빛탑,expo
 김종현 ,3,1년 전,몇번 공개안한다고함이유 특별한게 없음,한빛탑,expo
 보문산메아리 ,4,1년 전,저렴한 관람비용만큼이나 볼거리도 저렴합니다 아이들은 좋아합니다,한빛탑,expo
 worth 01 ,1,1년 전,정말 볼것 없는 곳 전망대 역할 외에는 없는데 입장료까지 받아 별루,한빛탑,expo
 나문성 ,5,1년 전,대전 엑스포 한빛탑은 영원하다,한빛탑,expo
 유장운 ,4,1년 전,주변경치볼수있어 좋아요,한빛탑,expo
 Bawoo Kim ,4,1년 전, 번역 제공 멋진 광경 간단한 내부원문   ,한빛탑,expo
 미니 ,3,1년 전,그냥 한번쯤 구경할만한듯요,한빛탑,expo
 주상우 ,5,1년 전,대전의 영원한 상징물 이제 얼마 안 있으면 사라진다는게 많이 아쉽네요,한빛탑,expo
 양스 family story ,4,1년 전,대전을상징하는 한빛탑 전망대,한빛탑,expo
 이상윤 ,3,1년 전,그냥좋음,한빛탑,expo
 YEONJU JEONG ,3,1년 전,한빛탑은 바깥에서 볼 때가 아름답다 내부도 잘 되어있지만 야경이 보통 대단한 느낌은 아니라 추억과 역사의 장소다 최근 달밤소풍 행사로 인파가 많아서 좋았다 허나 행사 때 경찰이고 행사 측이고 다 퇴근을 해버린건지 출차 정리가 안되서 마무리를 너무 거지발싸개 같이 했다고 생각한다,한빛탑,expo
 ᆞ은물 ,3,1년 전,포차와 맥주가 있어 좋아유,한빛탑,expo
 김태진 ,5,1년 전,년 대전엑스포때 세운 한빛탑세월이 많이 흘렀네요재개발로 없어질 예정이라고 해서 짠 하네요,한빛탑,expo
 JHEN JIA ,5,1년 전, 번역 제공  층만 입장하려면 입장권을 구입해야합니다원문,한빛탑,expo
 성장하는지우 ,5,1년 전,노잼도시 대전에서 이정도면 훌륭한 곳 발전가능성 있는 동네,한빛탑,expo
 류현석 ,5,1년 전,개꿀잼,한빛탑,expo
 Jun Kim ,2,1년 전,맛난 먹거리  재미난 볼거리는 년도에 기대해 보겠음 근데 불꽃놀이는 멋지삼,한빛탑,expo
 율무 ,5,1년 전,밤에보니 이뿌데요,한빛탑,expo
 김춘애 ,4,1년 전,매일밤 공연 너무 재밌어요,한빛탑,expo
 전인호 ,5,1년 전,년 살면서도 처음왔는데 뭔가 색다른느낌이있네요,한빛탑,expo
 하대 ,2,1년 전,글쎄그냥,한빛탑,expo
 Reef Shark ,5,1년 전,대전의 경치가 한눈에 들어옵니다,한빛탑,expo
 최윤주 ,4,1년 전,달밤소풍 맥주 무제한 한번쯤 가볼 만함,한빛탑,expo
 Greg MacPhee ,4,1년 전, 번역 제공 훌륭한원문,한빛탑,expo
 Jeonghee Seo ,3,1년 전,주변에 높은 건물이 들어서서 예전같은 모습이 아니다,한빛탑,expo
 베짱이 ,4,1년 전,깔끔하고정리잘되서산책하기너무좋아요,한빛탑,expo
 김태균 ,3,1년 전,선선한 날싸에 산책하기 좋음주변에 성싱당도 있어요,한빛탑,expo
 Hyun Mi Kang ,1,1년 전,이렇다할 야경이 보이는것도 아닌데 성인 원  어린이 원입장료가 사악하네요 한바퀴 휙도는데 분도 안걸립니다,한빛탑,expo
 Jihyun Song ,5,1년 전,추억의꿈돌이,한빛탑,expo
 Jeonggi Yang ,3,1년 전,밤산책하기괜찮은듯,한빛탑,expo
 burrowman 2003 ,5,1년 전,방문 날 야간에 지역행사가 있어 무료로 탑에 올라감  탑은 조망보는거 빼고는 특별한건 없음 다양한 행사가 있어 좋았음,한빛탑,expo
 이원구 ,5,1년 전,대전사랑,한빛탑,expo
 hersune슈니슈니 ,4,1년 전,년도가 생각나시나요,한빛탑,expo
 J H ,4,1년 전,대전이 한눈에,한빛탑,expo
 김기섭 ,5,1년 전,사진찍기도 좋구 맥주 무제한도 좋아요,한빛탑,expo
 mi na ,4,1년 전,축제가 너무 좋아요,한빛탑,expo
 박선홍 ,5,1년 전,가족끼리 대전야경을 볼수 있는곳,한빛탑,expo
 김준수 ,5,1년 전,달밤소풍행사중  사람적당하니 좋아요,한빛탑,expo
 BM Yu ,2,1년 전,한빛타운쪽은 횡함,한빛탑,expo
 김민준 ,4,1년 전,앞에 분수광장을 공사하길래 아무것도 안하는줄 알았는데 한빛탑 주위에 달빛소풍이라는 행사가 요즘들어 한빛탑과 다리 한밭수목원에 크고작은 행사가 많아서 좋네요 ,한빛탑,expo
 Junko Ko ,5,1년 전,더위가 가시는 시쯤나와서 푸드트럭 안주를 시키고 무한맥주로선선하고 공연도 보고 튀김에 맥주도 마시고좋네요,한빛탑,expo
 HG ,5,1년 전, 번역 제공 수업원문,한빛탑,expo
 미타박 ,5,1년 전,분위기 좋음,한빛탑,expo
 박성민 ,5,1년 전,너무좋았어요 많이 추억 만들고갑니다,한빛탑,expo
 냐옹 ,5,1년 전,어릴적 추억이 깃든 공간꿈과 희망으로 가득차 있던 공간은세월이 흘러선 한빛탑만 홀로 자리를 지키고 있네,한빛탑,expo
 tk k ,2,1년 전,딱히 볼것도없는대 돈내야함 전망도 좀별로임,한빛탑,expo
 오주현 ,5,1년 전,년 월 일까지 계속 됩니다,한빛탑,expo
 Mijin Park ,5,1년 전,여름 달밤소풍,한빛탑,expo
 Tony Jongkook Hwang ,4,1년 전,달밤 소풍 먹거리 많고 맥주 무한리필 좋아요,한빛탑,expo
 김나영 ,5,1년 전,달밤축제다녀왔어요 정말좋아요 작년에 좋았어서 타지로 이사가고도 또왔는데 더좋아졌네요,한빛탑,expo
 홍미란 ,5,1년 전,한빛탑 전망대가 이렇게 좋은지 이제야 알았다니요,한빛탑,expo
 Claudia Cheung ,5,1년 전, 번역 제공 맛있는 음식 트럭과 풍선 쇼가 훌륭합니다원문       ,한빛탑,expo
 한지선 ,5,1년 전,생각보다 쾌적하고 전망도 좋고 비오는날 오면 기분좋을듯 하네요,한빛탑,expo
 #화려강산 ,5,1년 전, 야간 이용시 분위기 좋고 주차 공간 널널함 약간의 간식을 준비해 간다면 금상첨화 누군가와 함께하면 좋은 곳임,한빛탑,expo
 에릭냄 ,5,1년 전,여친이랑 오기 좋음,한빛탑,expo
 정영진 ,4,1년 전,좋아습니다,한빛탑,expo
 Tống Xuân Thành ,3,1년 전, 번역 제공 예쁜원문,한빛탑,expo
 이기영 ,5,1년 전,이곳에서 열리는 달빛 소풍 행사 너무 좋아요지금 좀 덥긴하지만 각 푸드트럭고 맛있고 맥주도 무한리필 좋아요 ,한빛탑,expo
 오윤 ,4,1년 전,재미있어요,한빛탑,expo
 신성욱 ,1,1년 전,돈아깝다,한빛탑,expo
 Jaehoung Ryu ,4,1년 전,좋아요,한빛탑,expo
 허디쇼닝 ,4,1년 전,시가 넘으면 년 망한 대전의 느낌이 납니다,한빛탑,expo
 박문성 ,5,1년 전,대전 좋네요 먁주 무제한 축제도 마음에 들아요,한빛탑,expo
 She Ra ,5,1년 전,좋아요,한빛탑,expo
 김종근 ,4,1년 전,좋아요 경치조아 조아,한빛탑,expo
 신경구 ,4,1년 전, 번역 제공 전망원문,한빛탑,expo
 Abbie Suh ,3,1년 전, 번역 제공 위의 것들을 보게 재미있는 것 같습니다 나는 그 때 모든 시간을 혼자 즐겼다원문               ,한빛탑,expo
 Sambyeol K ,5,1년 전,달밤소풍 다녀옴  밤에 가면 조명이 이쁘고 포토스팟 있어요  그리고 저 탑은 총 층인데 층과 층 사이 간격 무엇,한빛탑,expo
 그린돤 ,5,1년 전,우리의 랜드마크,한빛탑,expo
 잔술 ,5,1년 전,대전에 다양한 축제와 볼거리를 만들기위해 노력하는 공간인것 같아요 응원합니다,한빛탑,expo
 Kisuk Lee ,3,1년 전,엘레베이터를 타고 층으로 올라가는 한빛탑이다 오늘 처음으로 타봤는데원 입장료가 들어가며  여기관계자분이 이걸 보신다면 에어컨 필터관리에 신경쓰시라고 해주고 싶다 쾌쾌한 냄새공기정화가 필요하며  그냥 전망대로만 쓰기엠 이 공간은 너무 볼것도 없고 재미도 없어서  원도 아까울 지경이다차라리 여기서 커피숍이라도 운영하였음 좋겠다,한빛탑,expo
 동 율설 ,1,1년 전,이전생각하고 들렸지만 남은거는 한빛탑만이 남아있어요 볼거리가 너무 없어요,한빛탑,expo
 오은택 ,4,1년 전,맥주 무한으로 즐길수있다는게 좋았음,한빛탑,expo
 김도연 ,5,1년 전,까지 축제 기간이예요 버스킹도 하고 플리마켓 푸드트럭도 진짜 많고 분위기 좋아요 바로 옆에 한밭수목원있어서 산책도 할 수 있고 한강처럼 돗자리피고 피크닉도 즐길 수 있어요 그리고 엑스포 다리에서 보는 노을이뻐요,한빛탑,expo
 이영애 ,3,1년 전,대전광역시 첨단 과학의 꿈돌이 한빛탑 입니다국립중앙과학관외 다양한 박물관교육시설이 많이 있습니다,한빛탑,expo
 mdk esc ,5,1년 전,맥주축제 두시간동안 잔마셨어요 줄이너무길어요,한빛탑,expo
 해피해피 ,5,1년 전,좋아요 바람쐬기,한빛탑,expo
 잼나다잼나 ,3,1년 전,사실 크게 볼 것은 없고 소소하게 야경 구경 어른 원,한빛탑,expo
 현주환 ,4,1년 전,한여름밤의 달빛놀이시원한 맥주한잔,한빛탑,expo
 Mhan Soo Shin ,4,1년 전,달밤소풍 이벤트 가족이니 커플끼리 오기에 너무 좋습니다 날이 조금만 덥지 않았다면 진짜 최고일듯,한빛탑,expo
 구름뒤하늘보기 ,3,1년 전,어릴때는 커보였는데 ,한빛탑,expo
 Mr Park울프 ,2,1년 전,별볼일없는곳,한빛탑,expo
 김현정 ,2,1년 전,오래되고 별다른매리트를못느끼겠더라고요,한빛탑,expo
 Byung Ju Park ,4,1년 전,축제할때와볼만함,한빛탑,expo
 한내마음의 심금 ,3,1년 전,팔월말까지 축제라네요  가족끼리  연인끼리 한밤을  즐겨보세요,한빛탑,expo
 hansol kim ,5,1년 전,여전히 밝은 이 곳,한빛탑,expo
 정관민 ,5,1년 전,맥주축제 좋았어요,한빛탑,expo
 조벤텀 ,3,1년 전,좋긴한데 입장료까지 내면서 가야하나싶음 성인 원 청소년 원 어린이 원,한빛탑,expo
 이흥균 ,4,1년 전,대전엑스포 기념탑자주 이벤트가 개최되는 곳현재 탑앞 광장은 리모델링 중바로옆 대전컨밴션센타로 볼거리가 많은곳,한빛탑,expo
 Jeongae Won ,5,1년 전,대전야경 보기에 돟은 곳,한빛탑,expo
 boki 1000 ,2,1년 전,여년 전 엑스포의 추억을 가지고 갔지만 굳이 다시 갈 이유가 없다 대전 방문의 해라던데 여기는 뺐으면,한빛탑,expo
 TV봇짐장수 ,5,1년 전,옛 추억이 새록새록,한빛탑,expo
 박승순 ,5,1년 전,비오네,한빛탑,expo
 박세훈 ,3,1년 전,요즘 공사해서 볼게 없어요,한빛탑,expo
 asd kid ,5,1년 전,옛날 생각나고 너무 좋습니다 갑천 앞 바베큐장에서 고기구워 먹으면 너무 좋네요 ,한빛탑,expo
 정의구현 ,5,1년 전, 엑스포의 마지막 추억이 남은 공간입니다,한빛탑,expo
 윤기웅 ,3,1년 전,수제맥주 페스티벌 덕에 좋은 기억 그 이외에 방문은 글쎄,한빛탑,expo
 하바 ,3,1년 전,추억의장소  과거 엑스포때의 많은사람이 상상됨,한빛탑,expo
 Gyo-Yeob HWANG ,5,1년 전,맥주 페스티벌 짱,한빛탑,expo
 Elena Kokourova ,5,1년 전, 번역 제공 멋지게원문,한빛탑,expo
 전민철 ,3,1년 전,매년 수제맥주축제가 열립니다 맥주 마시면서 공연 관람도 할 수 있어요,한빛탑,expo
 김기철 ,3,1년 전,맥주 축제로 간곳 과거의 엑스포가 생각남 맥주축제는 안주는 다소비쌌고 맥주는 맛있었다,한빛탑,expo
 Hero YW Jeong ,4,1년 전,오오 대전 오오,한빛탑,expo
 강경석 ,4,1년 전,음악이 있고 분수쇼도 있고 젊음이 있다,한빛탑,expo
 Jayoung Kim ,4,1년 전,산책하기 좋네요,한빛탑,expo
 Sky캐슬 ,5,1년 전,맥주페스티발 쒼나는 음악 최고였음,한빛탑,expo
 이밍밍 ,5,1년 전,축제 이것저것 많이 열음넓직하고 좋음,한빛탑,expo
 BAK JI YE ,3,1년 전,올라가면 끝,한빛탑,expo
 박성균 ,3,1년 전,맥주축제,한빛탑,expo
 공정식 ,2,1년 전,사람이 엄서,한빛탑,expo
 김유민 ,4,1년 전,맥주축제 굿,한빛탑,expo
 김광일 ,5,1년 전,축제가 있는곳 대전에 상징 한빛탑,한빛탑,expo
 곽규민 ,4,1년 전,엑스포수재맥주축재,한빛탑,expo
 오승진 ,5,1년 전,역사적 기념물,한빛탑,expo
 운겜 ,4,1년 전,맥주축제가 진짜 너무너무 재밌었어요일찍 끝나서 아쉽,한빛탑,expo
 Brian Guzzetti ,4,1년 전, 번역 제공 맥주 축제에 나에게 그늘을 제공했다 그렇지 않으면 논평 할 수 없다원문          ,한빛탑,expo
 이지스 ,5,1년 전,수제맥주 아주좋아요,한빛탑,expo
 Wonjun ,4,1년 전,맥주페스티벌 겸 방문했는데 가까이봐서 좋았어요,한빛탑,expo
 이상건 ,4,1년 전,대전 중심에서 공연하면 이곳에서 하는듯년엔 수제맥주 페스티벌년엔 힙합 페스티벌,한빛탑,expo
 정학용 ,2,1년 전,아주 별로 입니다,한빛탑,expo
 Inho S ,3,1년 전, 번역 제공 특별한 것은 없습니다원문 ,한빛탑,expo
 D.E RG ,4,1년 전,입장료있음,한빛탑,expo
 부정확한놈 ,5,1년 전,잼있음 수제맥주 페스티벌,한빛탑,expo
 Alie핑크 ,5,1년 전,수제맥주페스티벌 시전에 오셔야 시음컵정도 잔 증정합니다 이후에는 소주잔크기로 시음가능 대체적으로 홉향이 강함한국의 수제맥주는 발전하는 중,한빛탑,expo
 정우혁 ,5,1년 전,존재만으로도 좋다,한빛탑,expo
 mini star ,4,1년 전,굿,한빛탑,expo
 NINA ryu ,4,1년 전,맥주축제중  다양한 맥주를 한컵  에 팜  브랜드가 브랜드  다양한 맥주맛  안주  음악 인디락,한빛탑,expo
 Euikyung Lee ,5,1년 전,대전의 상징 엑스포의 상징 지금은 공원 가끔씩 여러 행사 축제하는 광장,한빛탑,expo
 tejal patil ,5,1년 전, 번역 제공 밤에 방문 할 수있는 환상적인 장소원문     ,한빛탑,expo
 전영호 ,5,1년 전,아이들과 광장에서 놀 수 있어 좋아요,한빛탑,expo
 Rio Kim ,2,1년 전,너무관리가 안되어있다,한빛탑,expo
 양성환 ,5,1년 전,대전의 랜드마크 옛날 어른들의 부푼꿈과 희망은 개의 화강암과함께 한국의 미래를 가리키고있다,한빛탑,expo
 W.K Lee ,3,2년 전,추억잼,한빛탑,expo
 박태성 ,3,2년 전,시설관리가  안되어  아쉬운곳,한빛탑,expo
 Полина Терещенко ,5,2년 전, 번역 제공 우리는 오후에있었습니다 방문자에게서 우리를 제외하고는 아무도 없었다 완벽한원문               ,한빛탑,expo
 이영애 ,3,2년 전,대전 엑스포의 옛 추억을 아십니까꿈돌이 엑스포 우주인들 과학의 도시형성가한빛탑 공원지구인들의 로망나사항공도서책도있고요우주인 복장의 마네킹도 있답니다과학 좋아 하시는 분들은 꼭 찾는 대전의 역사적 명소입니다,한빛탑,expo
 박수현 ,4,2년 전,사진찍기좋은거 같습니다,한빛탑,expo
 Aisar ul hassan ,4,2년 전, 번역 제공  근처에있는 경우이 장소를 방문해야합니다원문          ,한빛탑,expo
 쿠키파파 ,3,2년 전,대전 하면 먼저 생각나는 곳한때는 랜드마크 역할을 톡톡히했지만 지금은 제대로 활용되지못하고 있는것 같아 아쉬울 따름,한빛탑,expo
 박광배 ,4,2년 전,전망대서 바라보는  대전시내의모습이 인상적이었다,한빛탑,expo
 Zeeshan Jadoon ,5,2년 전, 번역 제공 그것을 사랑원문 ,한빛탑,expo
 문정식 ,4,2년 전,오래되었지만 지금도 의미있는 곳,한빛탑,expo
 배용기 ,2,2년 전,사람들이 안옴,한빛탑,expo
 Douglas Shin ,5,2년 전, 번역 제공 빠르고 재미있는보기 군중이없는 평일에 가십시오 원문            ,한빛탑,expo
 김리키 ,3,2년 전,옛날 중국집 분위기에  장소나 서비스는 괜찮았지만 음식이 별루,한빛탑,expo
 Thomas Nexø Holm ,1,2년 전, 번역 제공 여기 귀찮게하지 마라 보기는 그리 인상적이지 않습니다원문         ,한빛탑,expo
 Daeyoung Lim ,3,2년 전,옛날의 추억,한빛탑,expo
 SEON JEONG OH ,5,2년 전,살 추억의걤성,한빛탑,expo
 쥐팝GPOP ,5,2년 전,한적한 산책을 위한 곳,한빛탑,expo
 오짱 ,5,2년 전,주변공사진행중,한빛탑,expo
 마반 ,1,2년 전,관리를 안하네요,한빛탑,expo
 이대훈 ,5,2년 전,추억이죠 ,한빛탑,expo
 Do Quy Nhan ,5,2년 전, 번역 제공 좋은 장소원문 ,한빛탑,expo
 Chang-Hee Lee ,4,2년 전,이제는 많이 퇴락한 그러나 여전히 건장한 한밫탑 년 전에 설치된 상징탑이다,한빛탑,expo
 이주원 ,3,2년 전,풍경은 멋있으나 위에 아무것도 없어서 아쉽다 카페라도 있으면 좋을텐데 공간이 없기도 하다,한빛탑,expo
 GS L ,2,2년 전,인생사진관 부스 참여,한빛탑,expo
 IB park ,4,2년 전,전망 좋습니다,한빛탑,expo
 김의현 ,3,2년 전,년만에 가본 탑은 너무 작네요 이렇게 작았었나,한빛탑,expo
 김경학 ,3,2년 전,잠시들렸다갔습니다,한빛탑,expo
 주문번호 0134 ,5,2년 전,인생사진관에서 좋은 추억 쌓고 갑니다,한빛탑,expo
 초코쿠키 ,3,2년 전,시설이 노후되었어요전망만 관람하는데 입장료가 비싼편이에요,한빛탑,expo
 El Condor Pasa ,1,2년 전,웬만하면 올라가지 마세요,한빛탑,expo
 나마늘 ,4,2년 전,년에 오픈한 대전 엑스포에서 남아있는 것 중 몇 안되는 추억의 전망대 가격은 원 평일에는 관광객이 거의 없다 전망대에는 테이블도 있고 의자도 있으므로 여유있게 가서 시간버리기에 좋은 곳이다,한빛탑,expo
 IK H ,5,2년 전,내고향 대전 항상 그리운 이름,한빛탑,expo
 최석하 ,3,2년 전,대전엑스포과학공원은 년대전세계박람회가 계최된 곳이기도 합니다 또 올해가 대전방문의해인만큼 한번쯤은 방문하시는거에 추천합니다,한빛탑,expo
 신유나 ,3,2년 전,뭐 그냥저냥,한빛탑,expo
 김대봉 ,2,2년 전,휴관이라서 아쉽네요,한빛탑,expo
 김강태 ,4,2년 전,멋지고 좋은곳 따뜻할때 아이들과 오면 좋겠네요,한빛탑,expo
 정구일 ,5,2년 전,인생사진관 추천함 꼭가센,한빛탑,expo
 캠핑탱 ,3,2년 전,여긴 완전 썰렁,한빛탑,expo
 VLOG학교일상 ,5,2년 전,너무재미있어요,한빛탑,expo
 DH K ,5,2년 전,대전 엑스포의 설렘을 꾹꾹 간직하고 있는 친구,한빛탑,expo
 Sol Han ,5,2년 전,인생사진관이라는 전시회 월까지진행중 좋아요,한빛탑,expo
 김민주 ,4,2년 전,올라가서 볼껀없는듯 ,한빛탑,expo
 JJong Park ,2,2년 전,주말에가면 볼게없어요더좋은 모습으로 준비중이라 아직은 좀그냥 기다립시다,한빛탑,expo
 hj woo ,4,2년 전,소소하게 휴일보내기 좋습니다,한빛탑,expo
 robinhood sinchon ,4,2년 전,어릴때 꼭 가보고 싶었던 곳인데 엑스포 당시엔 두 시간 이상 줄을 서야한다고 해서 포기 년만에 고교 동창 친구와 방문 전망이 좋다엑스포 공원 전체에 관람객은 우리 밖에 없었다 매일 만 명이 찾던 곳인데넓디넓은 주차장에 차량은 우리까지 단 네 대 아마도 직원들 거겠지관람객이 워낙 없다보니 썰렁하고 한가함 그래서인지 딱히 관리를 수시로 하는 느낌이 들진 않았다 세금이 너무 아까움 ,한빛탑,expo
 동동 ,2,2년 전,관람요 있음  볼거 없음,한빛탑,expo
 アヤカ ,3,2년 전,현재공사중,한빛탑,expo
 류준상 ,5,2년 전,좋아요,한빛탑,expo
 이정현 ,3,2년 전,행사때문에 가지만 애들이 놀만한 놀이터같은건 없네요,한빛탑,expo
 안용식 ,5,2년 전,사시사철 행사와 문화와 여유를 즐기며대전의 자리매김을 마음 공간 같은 곳이에요,한빛탑,expo
 정주안 ,4,2년 전,인생사진관 평일 저녁 사람별로 없음 인생샷 남기기 좋음 소요시간 시간정도,한빛탑,expo
 이종원 ,2,2년 전,그냥 밖에서 외관만 보세요,한빛탑,expo
 이종호 ,3,2년 전,인생사진관에포트샾이최고,한빛탑,expo
 서성원 ,3,2년 전,월 현재 엑스포공원은 조용하고 유령공원이나 다름 없습니다몇개 시설이 리모델링 및 보수 신축중입니다지금은 그냥 조용한 공원입니다,한빛탑,expo
 원현 ,4,2년 전, 번역 제공 대전의 중심 좋은 위치원문      ,한빛탑,expo
 sangsoo gim ,1,2년 전,실망이었어요,한빛탑,expo
 더블유시스터즈 ,5,2년 전,현장체험학습을갔다,한빛탑,expo
 최지나 ,5,2년 전,교통문화연수원 좋음 예약필수,한빛탑,expo
 정대희 ,2,2년 전,이제 너무 과거가 되었네요,한빛탑,expo
 이영욱 ,1,2년 전,관람할께 없어요,한빛탑,expo
 top bottom ,4,2년 전,여친이랑가기좋다 가끔식 행사도함,한빛탑,expo
 박창욱 ,5,2년 전,밤에 가면 너무 좋은곳 금토일은 음악분수쇼도 감상 하실수 있어요,한빛탑,expo
 Todd J. Radosevich ,4,2년 전, 번역 제공 이것은 이벤트를위한 좋은 장소입니다 대부분의 주말에는 보통 음악과 푸드 트럭과 함께 무언가가 진행됩니다원문                   ,한빛탑,expo
 뽀두락지 ,5,2년 전,아주 신박하고 특별한 경험이 될 것 뭔가 전반적으로 오래된 특촬물 촬영장 같은 조악하고 괴랄한 분위기가 나름의 매력,한빛탑,expo
 이재일 ,2,2년 전,그닥 볼게 없음,한빛탑,expo
 Mac Lee ,4,2년 전,솔직히 볼것없지만 과거의 명성 이 궁금하면 한번쯤은 가볼만한곳 한빛탑도 년 기념이랍시고라 낮다 야경보러가는곳,한빛탑,expo
 서자원 ,3,2년 전,여기 우리가 다녀 왔다,한빛탑,expo
 리크리아 ,3,2년 전,오랜만에 찾아간곳 예전만큼의 감흥이 없네요,한빛탑,expo
 Bhupesh Kumar ,5,2년 전, 번역 제공 좋은원문,한빛탑,expo
 wyggg k ,4,2년 전,어릴적에 테레비로 봤을 땐 엄청 높아보였는데,한빛탑,expo
 J. C. Ahn ,3,2년 전,엑스포 재창조 사업에 따라 옛 엑스포 과학공원 구역 상당수는 다른 용도로 전환됐고  엑스포의 상징물인 한빛탑 주변만 존치됐음,한빛탑,expo
 김익환 ,5,2년 전,여름에 놀러오기 좋은데,한빛탑,expo
 이이잉 ,4,2년 전,넓은 주차공간분수쇼 볼만먹거리는 쏘쏘테이블 부족마술 등 공연 관람 무료아이들 킥보드 가능전동타입은 불가하루정도 시간내서 저녁시간대 한두시간 보내기는 굿,한빛탑,expo
 니아티테 ,4,2년 전,대전의 랜드마크,한빛탑,expo
 남정용 ,5,2년 전,추억돋음,한빛탑,expo
 할아버지와손녀 ,5,2년 전,층 전망대,한빛탑,expo
 KyoSeong Jeon ,5,2년 전,분수쇼가 이쁨,한빛탑,expo
 HEEJUNG KANG ,4,2년 전,대전시내를 볼수 있으나 유리가 선명하지 않음   아이들 할 수 있는 과학활동이 몇개있음,한빛탑,expo
 윤수원 ,5,2년 전,멎짐,한빛탑,expo
 Matthew Cheong ,5,2년 전,대전 명물 오랜만에갔는데 너무 좋았어요 엑스포 사라지고 폐허가 되서 망연자실이였는데  발전해는모습이 보기좋습니다 ,한빛탑,expo
 황외수 ,3,2년 전,별 세개만 드립니다대학시절 가보지 못해 가보았는데시설 관리가 아쉬웠다큰 행사도 하긴 해야겠지만 사후 관리의 중요성을 느꼈다,한빛탑,expo
 윤기훈 ,3,2년 전,버려진 대전명소,한빛탑,expo
 Heeill Jung ,5,2년 전,군인요가 시연장소,한빛탑,expo
 Soma Dutta ,5,2년 전, 번역 제공 좋은원문,한빛탑,expo
 하민우 ,5,2년 전,데이트 딱,한빛탑,expo
 大山起養 ,5,2년 전,가족연인을 위한 공연을 많이함,한빛탑,expo
 신정필 ,2,2년 전,추억으장소 이제 없어진다고 하네요 그전에 사진에 담아두기,한빛탑,expo
 Jungnam Lee ,1,3년 전,엑스포 마치고 전혀관리가 되지않아 한빛타워만 남았네요 새롭게 리빌딩중이라는데 언제쯤 되려나요,한빛탑,expo
 Ki Chan Kim ,3,3년 전,추억의 장소 엑스포,한빛탑,expo
 อิหล่า บ้านนา ,5,3년 전, 번역 제공 아름다운 디자인 건물처럼원문,한빛탑,expo
 김승남 ,1,3년 전,딱히 볼것도 할것도 없고 돈아까움,한빛탑,expo
 J Park ,1,3년 전,돈내고 입장하지 마시오그냥 밖에서 구경만,한빛탑,expo
 H.C LEE. ,5,3년 전,초딩때보고 성인이 되서 보니 또 감회가 새롭네요,한빛탑,expo
 Henseg O ,2,3년 전,단층으로 요금내고 올라가기 좀 그래요,한빛탑,expo
 Jinsuk Kim ,5,4년 전,여름에는 음악분수도 예쁘고 공연도 많이 함,한빛탑,expo
 VIolet Yeo ,3,5년 전,대전의 상징,한빛탑,expo
